Taxon,Degree,Betweenness,Eigenvector
k__Bacteria|p__Actinobacteria|c__Actinobacteria|o__Actinomycetales|f__Actinomycetaceae|g__Actinomyces|s__Actinomyces_sp_ICM47,0.17433414043583537,0.024192772352641858,0.18218284178222455
k__Bacteria|p__Bacteroidetes|c__Bacteroidia|o__Bacteroidales|f__Prevotellaceae|g__Prevotella|s__Prevotella_bergensis,0.16707021791767554,0.016295469594244567,0.18119401009062483
k__Bacteria|p__Proteobacteria|c__Betaproteobacteria|o__Neisseriales|f__Neisseriaceae|g__Neisseria|s__Neisseria_subflava,0.16464891041162227,0.012696167968049114,0.18046372929590954
k__Bacteria|p__Firmicutes|c__Clostridia|o__Clostridiales|f__Ruminococcaceae|g__Subdoligranulum|s__Subdoligranulum_variabile,0.162227602905569,0.01320161650105235,0.17930474232832702
k__Bacteria|p__Actinobacteria|c__Actinobacteria|o__Actinomycetales|f__Actinomycetaceae|g__Actinomyces|s__Actinomyces_sp_HMSC035G02,0.162227602905569,0.012165821544361079,0.17499531937163404
k__Bacteria|p__Actinobacteria|c__Actinobacteria|o__Actinomycetales|f__Actinomycetaceae|g__Actinomyces|s__Actinomyces_graevenitzii,0.15980629539951574,0.01615430804982662,0.17616745075397508
k__Bacteria|p__Firmicutes|c__Bacilli|o__Lactobacillales|f__Streptococcaceae|g__Streptococcus|s__Streptococcus_mutans,0.1549636803874092,0.012301335633549295,0.17452124452053674
k__Bacteria|p__Firmicutes|c__Clostridia|o__Clostridiales|f__Clostridiaceae|g__Lactonifactor|s__Lactonifactor_longoviformis,0.1549636803874092,0.01144320873948797,0.17555953208725913
k__Bacteria|p__Fusobacteria|c__Fusobacteriia|o__Fusobacteriales|f__Leptotrichiaceae|g__Sneathia|s__Sneathia_amnii,0.1549636803874092,0.00943413642746414,0.17666079464386286
k__Bacteria|p__Firmicutes|c__Clostridia|o__Clostridiales|f__Clostridiales_Family_XIII_Incertae_Sedis|g__Clostridiales_Family_XIII_Incertae_Sedis_unclassified|s__Eubacterium_infirmum,0.15254237288135594,0.013850290263696385,0.1732905316967168
k__Bacteria|p__Actinobacteria|c__Actinobacteria|o__Actinomycetales|f__Actinomycetaceae|g__Actinomyces|s__Actinomyces_oris,0.15012106537530268,0.025705363643710604,0.17373757021804723
k__Bacteria|p__Bacteroidetes|c__Bacteroidetes_unclassified|o__Bacteroidetes_unclassified|f__Bacteroidetes_unclassified|g__Bacteroidetes_unclassified|s__Bacteroidetes_bacterium_oral_taxon_272,0.1476997578692494,0.011908617851069508,0.1731166932338169
k__Bacteria|p__Firmicutes|c__Clostridia|o__Clostridiales|f__Peptostreptococcaceae|g__Peptostreptococcaceae_unclassified|s__Clostridium_hiranonis,0.14285714285714288,0.006669497138307279,0.17077799647688185
k__Bacteria|p__Firmicutes|c__Negativicutes|o__Veillonellales|f__Veillonellaceae|g__Veillonella|s__Veillonella_tobetsuensis,0.14043583535108958,0.009026607486098077,0.1638678620752559
k__Bacteria|p__Firmicutes|c__Bacilli|o__Lactobacillales|f__Streptococcaceae|g__Streptococcus|s__Streptococcus_pseudopneumoniae,0.13801452784503632,0.0060241042061875425,0.16762639720499026
k__Bacteria|p__Firmicutes|c__Clostridia|o__Clostridiales|f__Clostridiaceae|g__Clostridium|s__Clostridium_sp_7_2_43FAA,0.13801452784503632,0.020053640565673738,0.16488203029297838
k__Bacteria|p__Firmicutes|c__Bacilli|o__Lactobacillales|f__Streptococcaceae|g__Streptococcus|s__Streptococcus_sp_M334,0.13801452784503632,0.005741868150367307,0.16739731414987774
k__Bacteria|p__Firmicutes|c__Clostridia|o__Clostridiales|f__Clostridiaceae|g__Clostridium|s__Clostridium_neonatale,0.13075060532687652,0.004135262631623885,0.16241578249507854
k__Bacteria|p__Firmicutes|c__Clostridia|o__Clostridiales|f__Ruminococcaceae|g__Anaerofilum|s__Anaerofilum_sp_An201,0.11864406779661017,0.003323158839401299,0.1523445069382276
k__Bacteria|p__Firmicutes|c__Bacilli|o__Bacillales|f__Bacillales_unclassified|g__Gemella|s__Gemella_asaccharolytica,0.1162227602905569,0.016672783441997675,0.13617276327274624
k__Bacteria|p__Fusobacteria|c__Fusobacteriia|o__Fusobacteriales|f__Fusobacteriaceae|g__Fusobacterium|s__Fusobacterium_nucleatum,0.11380145278450364,0.01132829029936045,0.13806757385892002
k__Bacteria|p__Actinobacteria|c__Coriobacteriia|o__Coriobacteriales|f__Atopobiaceae|g__Atopobium|s__Atopobium_parvulum,0.1089588377723971,0.006925860539366399,0.12231311337577146
k__Bacteria|p__Firmicutes|c__Clostridia|o__Clostridiales|f__Peptostreptococcaceae|g__Peptostreptococcus|s__Peptostreptococcus_stomatis,0.1089588377723971,0.003848836263703155,0.1382938242264955
k__Bacteria|p__Proteobacteria|c__Gammaproteobacteria|o__Enterobacterales|f__Enterobacteriaceae|g__Enterobacter|s__Enterobacter_bugandensis,0.09685230024213076,0.0038987319962859985,0.132136064667822
k__Bacteria|p__Bacteroidetes|c__Bacteroidia|o__Bacteroidales|f__Bacteroidaceae|g__Bacteroides|s__Bacteroides_oleiciplenus,0.09443099273607748,0.0003041525232787593,0.1321387494058479
k__Bacteria|p__Actinobacteria|c__Coriobacteriia|o__Coriobacteriales|f__Atopobiaceae|g__Olsenella|s__Olsenella_scatoligenes,0.08716707021791768,0.01429000752960425,0.10823438358051202
k__Bacteria|p__Firmicutes|c__Negativicutes|o__Veillonellales|f__Veillonellaceae|g__Dialister|s__Dialister_pneumosintes,0.08474576271186442,0.004640149172614436,0.11636831006347645
k__Bacteria|p__Firmicutes|c__Bacilli|o__Lactobacillales|f__Aerococcaceae|g__Aerococcus|s__Aerococcus_urinaeequi,0.0774818401937046,0.0005519019316078382,0.11553860522701159
k__Bacteria|p__Firmicutes|c__Bacilli|o__Lactobacillales|f__Leuconostocaceae|g__Leuconostoc|s__Leuconostoc_garlicum,0.0774818401937046,0.0011347204555680625,0.11140358514655442
k__Bacteria|p__Firmicutes|c__Bacilli|o__Lactobacillales|f__Lactobacillaceae|g__Lactobacillus|s__Lactobacillus_mucosae,0.07506053268765134,0.000590848459795281,0.11257419073122958
k__Bacteria|p__Proteobacteria|c__Gammaproteobacteria|o__Pasteurellales|f__Pasteurellaceae|g__Haemophilus|s__Haemophilus_paraphrohaemolyticus,0.07506053268765134,5.6066883079355966e-05,0.11285422011057937
k__Bacteria|p__Proteobacteria|c__Betaproteobacteria|o__Neisseriales|f__Neisseriaceae|g__Morococcus|s__Morococcus_cerebrosus,0.07263922518159807,0.00047164882876857744,0.11046668075430148
k__Bacteria|p__Actinobacteria|c__Actinobacteria|o__Actinomycetales|f__Actinomycetaceae|g__Actinomyces|s__Actinomyces_sp_oral_taxon_181,0.07021791767554479,0.01289605142037482,0.07751635514777026
k__Bacteria|p__Firmicutes|c__Bacilli|o__Lactobacillales|f__Lactobacillaceae|g__Lactobacillus|s__Lactobacillus_reuteri,0.07021791767554479,0.0055503741887917395,0.10580706616495428
k__Bacteria|p__Firmicutes|c__Clostridia|o__Clostridiales|f__Ruminococcaceae|g__Gemmiger|s__Gemmiger_sp_An194,0.07021791767554479,0.0010491454373237768,0.10257745110177709
k__Bacteria|p__Proteobacteria|c__Betaproteobacteria|o__Burkholderiales|f__Comamonadaceae|g__Comamonas|s__Comamonas_kerstersii,0.07021791767554479,0.01277694743623528,0.0961515558125567
k__Bacteria|p__Firmicutes|c__Negativicutes|o__Selenomonadales|f__Selenomonadaceae|g__Megamonas|s__Megamonas_funiformis_CAG_377,0.06779661016949153,0.08422779358910193,0.09445289102218941
k__Bacteria|p__Proteobacteria|c__Gammaproteobacteria|o__Aeromonadales|f__Succinivibrionaceae|g__Anaerobiospirillum|s__Anaerobiospirillum_thomasii,0.06779661016949153,0.013622424342565876,0.09363731468633586
k__Bacteria|p__Firmicutes|c__Negativicutes|o__Selenomonadales|f__Selenomonadaceae|g__Mitsuokella|s__Mitsuokella_jalaludinii,0.06537530266343826,0.008294854738631764,0.09911313245382662
k__Bacteria|p__Firmicutes|c__Clostridia|o__Clostridiales|f__Clostridiaceae|g__Clostridium|s__Clostridium_ventriculi,0.06537530266343826,4.8268054457084e-05,0.10261439865172477
k__Bacteria|p__Bacteroidetes|c__Bacteroidia|o__Bacteroidales|f__Prevotellaceae|g__Prevotella|s__Prevotella_sp_CAG_1185,0.06537530266343826,7.090273119985409e-06,0.10181216693363263
k__Bacteria|p__Firmicutes|c__Clostridia|o__Clostridiales|f__Lachnospiraceae|g__Blautia|s__Blautia_sp_An249,0.06295399515738499,2.556665596018915e-05,0.09951877058094441
k__Bacteria|p__Actinobacteria|c__Actinobacteria|o__Bifidobacteriales|f__Bifidobacteriaceae|g__Bifidobacterium|s__Bifidobacterium_dentium,0.06295399515738499,0.024795938448552608,0.08959005179752572
k__Bacteria|p__Fusobacteria|c__Fusobacteriia|o__Fusobacteriales|f__Fusobacteriaceae|g__Fusobacterium|s__Fusobacterium_naviforme,0.06295399515738499,0.0030567601745148604,0.0904202770810264
k__Bacteria|p__Firmicutes|c__Bacilli|o__Lactobacillales|f__Lactobacillaceae|g__Lactobacillus|s__Lactobacillus_algidus,0.06295399515738499,0.003455187456073065,0.0943202776020926
k__Bacteria|p__Actinobacteria|c__Actinobacteria|o__Corynebacteriales|f__Corynebacteriales_unclassified|g__Lawsonella|s__Lawsonella_clevelandensis,0.06053268765133172,0.00028146832690480845,0.08829780714862301
k__Bacteria|p__Firmicutes|c__Negativicutes|o__Veillonellales|f__Veillonellaceae|g__Veillonella|s__Veillonella_rogosae,0.06053268765133172,0.009182449841590522,0.08759975619775823
k__Bacteria|p__Bacteroidetes|c__Bacteroidia|o__Bacteroidales|f__Prevotellaceae|g__Prevotella|s__Prevotella_sp_CAG_520,0.05811138014527845,0.009075571975632286,0.09161269850360369
k__Bacteria|p__Firmicutes|c__Bacilli|o__Lactobacillales|f__Lactobacillaceae|g__Lactobacillus|s__Lactobacillus_fermentum,0.05811138014527845,0.0067479864489603265,0.08184652051389411
k__Bacteria|p__Firmicutes|c__Bacilli|o__Lactobacillales|f__Enterococcaceae|g__Enterococcus|s__Enterococcus_gallinarum,0.05811138014527845,0.002502831910651725,0.087086267864713
k__Bacteria|p__Firmicutes|c__Bacilli|o__Lactobacillales|f__Lactobacillaceae|g__Lactobacillus|s__Lactobacillus_jensenii,0.05811138014527845,0.01353042265731539,0.08521561679318156
k__Eukaryota|p__Ascomycota|c__Saccharomycetes|o__Saccharomycetales|f__Debaryomycetaceae|g__Candida|s__Candida_tropicalis,0.05569007263922519,0.004779800525890817,0.08383234854833349
k__Bacteria|p__Firmicutes|c__Bacilli|o__Lactobacillales|f__Streptococcaceae|g__Streptococcus|s__Streptococcus_lutetiensis,0.05569007263922519,2.9039353388031407e-05,0.09010138313354761
k__Bacteria|p__Proteobacteria|c__Gammaproteobacteria|o__Pasteurellales|f__Pasteurellaceae|g__Haemophilus|s__Haemophilus_sputorum,0.05569007263922519,0.007243755334868232,0.0844241099039607
k__Bacteria|p__Firmicutes|c__Clostridia|o__Clostridiales|f__Clostridiales_Family_XIII_Incertae_Sedis|g__Clostridiales_Family_XIII_Incertae_Sedis_unclassified|s__Eubacterium_brachy,0.053268765133171914,0.0002081243821907084,0.0833800330774173
k__Bacteria|p__Firmicutes|c__Clostridia|o__Clostridiales|f__Lachnospiraceae|g__Anaerostipes|s__Anaerostipes_caccae,0.05084745762711865,0.00023330981712260413,0.07964952941283135
k__Bacteria|p__Firmicutes|c__Bacilli|o__Lactobacillales|f__Lactobacillaceae|g__Lactobacillus|s__Lactobacillus_delbrueckii,0.05084745762711865,0.029493027211181806,0.06898416982465125
k__Bacteria|p__Firmicutes|c__Clostridia|o__Clostridiales|f__Lachnospiraceae|g__Lachnospiraceae_unclassified|s__Lachnospiraceae_bacterium_2_1_46FAA,0.04842615012106538,0.0048451571984143675,0.07801246959608484
k__Bacteria|p__Candidatus_Melainabacteria|c__Candidatus_Melainabacteria_unclassified|o__Candidatus_Gastranaerophilales|f__Candidatus_Gastranaerophilales_unclassified|g__Candidatus_Gastranaerophilales_unclassified|s__Candidatus_Gastranaerophilales_bacterium,0.04116222760290557,0.0028516342625483147,0.05732672044689693
k__Bacteria|p__Actinobacteria|c__Coriobacteriia|o__Coriobacteriales|f__Atopobiaceae|g__Atopobium|s__Atopobium_deltae,0.04116222760290557,0.0017821719623024321,0.05807206104879061
k__Bacteria|p__Firmicutes|c__Clostridia|o__Clostridiales|f__Lachnospiraceae|g__Lachnoclostridium|s__Clostridium_scindens,0.0387409200968523,0.010268811394848724,0.05971358233746086
k__Bacteria|p__Firmicutes|c__Clostridia|o__Clostridiales|f__Ruminococcaceae|g__Flavonifractor|s__Flavonifractor_sp_An10,0.0387409200968523,0.019048755690263715,0.05736816842598287
k__Bacteria|p__Firmicutes|c__Bacilli|o__Lactobacillales|f__Lactobacillaceae|g__Lactobacillus|s__Lactobacillus_rhamnosus,0.0387409200968523,3.1448935242589557e-06,0.0645809587402639
k__Bacteria|p__Firmicutes|c__Clostridia|o__Clostridiales|f__Ruminococcaceae|g__Faecalibacterium|s__Faecalibacterium_prausnitzii,0.036319612590799036,0.05094409427917415,8.618976656947425e-05
k__Bacteria|p__Actinobacteria|c__Coriobacteriia|o__Coriobacteriales|f__Coriobacteriaceae|g__Collinsella|s__Collinsella_aerofaciens,0.03389830508474576,0.06995604826478141,0.0024458459609781815
k__Bacteria|p__Bacteroidetes|c__Bacteroidia|o__Bacteroidales|f__Bacteroidaceae|g__Bacteroides|s__Bacteroides_sp_D2,0.031476997578692496,0.011177759722522653,0.04324345471468834
k__Bacteria|p__Firmicutes|c__Bacilli|o__Lactobacillales|f__Streptococcaceae|g__Streptococcus|s__Streptococcus_sinensis,0.031476997578692496,0.0020983377262737534,0.039971649142395586
k__Bacteria|p__Actinobacteria|c__Actinobacteria|o__Actinomycetales|f__Actinomycetaceae|g__Actinomyces|s__Actinomyces_odontolyticus,0.029055690072639227,0.009540040674250854,0.01793386678745606
k__Bacteria|p__Firmicutes|c__Bacilli|o__Lactobacillales|f__Streptococcaceae|g__Streptococcus|s__Streptococcus_anginosus_group,0.029055690072639227,0.01543076182884206,0.004998007609238741
k__Bacteria|p__Firmicutes|c__Clostridia|o__Clostridiales|f__Christensenellaceae|g__Christensenella|s__Christensenella_minuta,0.029055690072639227,0.009331274695460412,5.169609920715717e-07
k__Bacteria|p__Firmicutes|c__Clostridia|o__Clostridiales|f__Clostridiaceae|g__Butyricicoccus|s__Butyricicoccus_pullicaecorum,0.029055690072639227,0.01279722043892691,0.02018127656508618
k__Bacteria|p__Firmicutes|c__Clostridia|o__Clostridiales|f__Lachnospiraceae|g__Blautia|s__Blautia_hydrogenotrophica,0.026634382566585957,0.01844329673802977,7.041562541328094e-07
k__Bacteria|p__Firmicutes|c__Clostridia|o__Clostridiales|f__Ruminococcaceae|g__Ruminococcaceae_unclassified|s__Ruminococcaceae_bacterium_D5,0.026634382566585957,0.02248770718163269,5.673528700027668e-05
k__Bacteria|p__Firmicutes|c__Clostridia|o__Clostridiales|f__Lachnospiraceae|g__Roseburia|s__Roseburia_hominis,0.026634382566585957,0.008410790073002935,3.6558599017960396e-06
k__Bacteria|p__Firmicutes|c__Firmicutes_unclassified|o__Firmicutes_unclassified|f__Firmicutes_unclassified|g__Firmicutes_unclassified|s__Firmicutes_bacterium_CAG_83,0.026634382566585957,0.007852798540086355,1.0152872740854328e-06
k__Bacteria|p__Firmicutes|c__Firmicutes_unclassified|o__Firmicutes_unclassified|f__Firmicutes_unclassified|g__Firmicutes_unclassified|s__Firmicutes_bacterium_CAG_110,0.026634382566585957,0.02251653419187071,0.00013362656159952244
k__Bacteria|p__Firmicutes|c__Erysipelotrichia|o__Erysipelotrichales|f__Erysipelotrichaceae|g__Erysipelatoclostridium|s__Clostridium_spiroforme,0.026634382566585957,0.010026632823408738,1.902742966846433e-06
k__Bacteria|p__Firmicutes|c__Clostridia|o__Clostridiales|f__Clostridiales_unclassified|g__Monoglobus|s__Monoglobus_pectinilyticus,0.026634382566585957,0.0037335915457962915,4.0044552839643407e-07
k__Bacteria|p__Firmicutes|c__Erysipelotrichia|o__Erysipelotrichales|f__Erysipelotrichaceae|g__Holdemania|s__Holdemania_filiformis,0.026634382566585957,0.02691761552520508,4.741882490535035e-06
k__Bacteria|p__Firmicutes|c__Clostridia|o__Clostridiales|f__Ruminococcaceae|g__Anaeromassilibacillus|s__Anaeromassilibacillus_sp_An250,0.026634382566585957,0.021914632766479595,6.858975146990891e-06
k__Bacteria|p__Firmicutes|c__Negativicutes|o__Veillonellales|f__Veillonellaceae|g__Dialister|s__Dialister_micraerophilus,0.026634382566585957,0.0066735224945553605,0.029253239354856533
k__Bacteria|p__Firmicutes|c__Clostridia|o__Clostridiales|f__Peptostreptococcaceae|g__Clostridioides|s__Clostridioides_difficile,0.026634382566585957,0.00021579855242800724,0.03205040566569748
k__Bacteria|p__Fusobacteria|c__Fusobacteriia|o__Fusobacteriales|f__Fusobacteriaceae|g__Fusobacterium|s__Fusobacterium_periodonticum,0.02421307506053269,0.00154785443958972,0.022438388543553966
k__Bacteria|p__Proteobacteria|c__Deltaproteobacteria|o__Desulfovibrionales|f__Desulfovibrionaceae|g__Desulfovibrionaceae_unclassified|s__Desulfovibrionaceae_bacterium,0.02421307506053269,0.02084991985464734,5.733862854016072e-05
k__Bacteria|p__Firmicutes|c__Clostridia|o__Clostridiales|f__Eubacteriaceae|g__Eubacterium|s__Eubacterium_sp_CAG_251,0.02421307506053269,0.013060918780145467,1.4590586120171847e-06
k__Bacteria|p__Proteobacteria|c__Gammaproteobacteria|o__Pasteurellales|f__Pasteurellaceae|g__Haemophilus|s__Haemophilus_parainfluenzae,0.02421307506053269,0.011662148745663613,3.3776800405408702e-06
k__Bacteria|p__Firmicutes|c__Clostridia|o__Clostridiales|f__Lachnospiraceae|g__Coprococcus|s__Coprococcus_comes,0.02421307506053269,0.016682935772836506,6.645783048505344e-05
k__Bacteria|p__Fusobacteria|c__Fusobacteriia|o__Fusobacteriales|f__Fusobacteriaceae|g__Fusobacterium|s__Fusobacterium_ulcerans,0.02421307506053269,0.01941654418336248,3.9221532758671986e-05
k__Bacteria|p__Firmicutes|c__Clostridia|o__Clostridiales|f__Clostridiaceae|g__Clostridium|s__Clostridium_sp_CAG_964,0.02421307506053269,0.01587472036603817,0.03388236750054261
k__Bacteria|p__Proteobacteria|c__Gammaproteobacteria|o__Enterobacterales|f__Enterobacteriaceae|g__Klebsiella|s__Klebsiella_quasipneumoniae,0.02179176755447942,0.03252997644976894,0.002028197432566963
k__Bacteria|p__Bacteroidetes|c__Bacteroidia|o__Bacteroidales|f__Bacteroidaceae|g__Bacteroides|s__Bacteroides_sp_CAG_144,0.02179176755447942,0.00907992460789034,4.881613843155047e-06
k__Bacteria|p__Firmicutes|c__Firmicutes_unclassified|o__Firmicutes_unclassified|f__Firmicutes_unclassified|g__Firmicutes_unclassified|s__Firmicutes_bacterium_CAG_145,0.02179176755447942,0.003834867119593325,7.274357368402331e-07
k__Bacteria|p__Firmicutes|c__Clostridia|o__Clostridiales|f__Ruminococcaceae|g__Ruminococcus|s__Ruminococcus_callidus,0.02179176755447942,0.02120352104975522,0.0001485343691910312
k__Bacteria|p__Firmicutes|c__Clostridia|o__Clostridiales|f__Ruminococcaceae|g__Flavonifractor|s__Flavonifractor_plautii,0.02179176755447942,0.015629115929353454,2.3535226485991016e-07
k__Bacteria|p__Firmicutes|c__Tissierellia|o__Tissierellales|f__Peptoniphilaceae|g__Finegoldia|s__Finegoldia_magna,0.02179176755447942,0.0077047957514900485,0.0001431061245877202
k__Bacteria|p__Firmicutes|c__Clostridia|o__Clostridiales|f__Lachnospiraceae|g__Anaerostipes|s__Anaerostipes_hadrus,0.02179176755447942,0.007250871688064789,4.922376939203041e-06
k__Bacteria|p__Actinobacteria|c__Actinobacteria|o__Actinomycetales|f__Actinomycetaceae|g__Actinomyces|s__Actinomyces_sp_HPA0247,0.02179176755447942,0.00075278501822213,0.019731066483585743
k__Bacteria|p__Bacteroidetes|c__Bacteroidia|o__Bacteroidales|f__Bacteroidaceae|g__Bacteroides|s__Bacteroides_uniformis,0.02179176755447942,0.030871503042966885,5.798991545707935e-05
k__Bacteria|p__Firmicutes|c__Clostridia|o__Clostridiales|f__Lachnospiraceae|g__Blautia|s__Ruminococcus_torques,0.02179176755447942,0.007709794121919908,3.3381377829547894e-06
k__Archaea|p__Euryarchaeota|c__Methanobacteria|o__Methanobacteriales|f__Methanobacteriaceae|g__Methanosphaera|s__Methanosphaera_stadtmanae,0.02179176755447942,0.018788232776988118,6.266842413451886e-05
k__Bacteria|p__Firmicutes|c__Clostridia|o__Clostridiales|f__Lachnospiraceae|g__Butyrivibrio|s__Butyrivibrio_crossotus,0.02179176755447942,0.017094878684002106,0.0001176045512833343
k__Bacteria|p__Firmicutes|c__Clostridia|o__Clostridiales|f__Lachnospiraceae|g__Coprococcus|s__Coprococcus_eutactus,0.02179176755447942,0.015102408994675052,6.162722919466245e-05
k__Bacteria|p__Firmicutes|c__Clostridia|o__Clostridiales|f__Ruminococcaceae|g__Ruminococcaceae_unclassified|s__Clostridium_methylpentosum,0.02179176755447942,0.02117832630702187,7.827666052175588e-06
k__Bacteria|p__Bacteroidetes|c__Bacteroidia|o__Bacteroidales|f__Bacteroidaceae|g__Bacteroides|s__Bacteroides_fragilis,0.02179176755447942,0.025995755733262387,3.960131854868926e-06
k__Bacteria|p__Firmicutes|c__Tissierellia|o__Tissierellia_unclassified|f__Tissierellia_unclassified|g__Tissierellia_unclassified|s__Bacteroides_coagulans,0.02179176755447942,0.0027128751498066987,0.013126182060356373
k__Bacteria|p__Firmicutes|c__Clostridia|o__Clostridiales|f__Lachnospiraceae|g__Fusicatenibacter|s__Fusicatenibacter_saccharivorans,0.02179176755447942,0.01014476729853652,7.076131276885514e-05
k__Bacteria|p__Actinobacteria|c__Coriobacteriia|o__Eggerthellales|f__Eggerthellaceae|g__Asaccharobacter|s__Asaccharobacter_celatus,0.02179176755447942,0.011132946542029797,4.820394605005864e-06
k__Bacteria|p__Firmicutes|c__Clostridia|o__Clostridiales|f__Ruminococcaceae|g__Ruminococcaceae_unclassified|s__Eubacterium_siraeum,0.02179176755447942,0.014222581769091885,8.458363216065685e-06
k__Bacteria|p__Proteobacteria|c__Deltaproteobacteria|o__Desulfovibrionales|f__Desulfovibrionaceae|g__Desulfovibrio|s__Desulfovibrio_piger,0.02179176755447942,0.016587523666532836,0.00011569899357712742
k__Bacteria|p__Firmicutes|c__Bacilli|o__Lactobacillales|f__Streptococcaceae|g__Streptococcus|s__Streptococcus_infantis,0.02179176755447942,0.023688516603481386,6.018216565340962e-05
k__Bacteria|p__Actinobacteria|c__Coriobacteriia|o__Eggerthellales|f__Eggerthellaceae|g__Enterorhabdus|s__Enterorhabdus_caecimuris,0.02179176755447942,0.00925171174406268,0.001219837288293725
k__Bacteria|p__Firmicutes|c__Clostridia|o__Clostridiales|f__Oscillospiraceae|g__Oscillibacter|s__Oscillibacter_sp_57_20,0.02179176755447942,0.010432086606503233,2.6617751853344532e-06
k__Bacteria|p__Bacteroidetes|c__Bacteroidia|o__Bacteroidales|f__Bacteroidaceae|g__Bacteroides|s__Bacteroides_nordii,0.02179176755447942,0.014075427307398775,4.169635742017857e-06
k__Bacteria|p__Actinobacteria|c__Actinobacteria|o__Bifidobacteriales|f__Bifidobacteriaceae|g__Gardnerella|s__Gardnerella_vaginalis,0.01937046004842615,0.0024872024493879743,0.029841466904698667
k__Bacteria|p__Firmicutes|c__Clostridia|o__Clostridiales|f__Ruminococcaceae|g__Ruminococcaceae_unclassified|s__Ruminococcaceae_bacterium_D16,0.01937046004842615,0.01237021975127832,3.2327507783893846e-06
k__Bacteria|p__Bacteroidetes|c__Bacteroidia|o__Bacteroidales|f__Bacteroidaceae|g__Bacteroides|s__Bacteroides_caecimuris,0.01937046004842615,0.025369477094384123,0.00010155774279142401
k__Bacteria|p__Firmicutes|c__Clostridia|o__Clostridiales|f__Eubacteriaceae|g__Eubacterium|s__Eubacterium_ramulus,0.01937046004842615,0.006523947279518826,3.590580639731743e-06
k__Bacteria|p__Firmicutes|c__Negativicutes|o__Veillonellales|f__Veillonellaceae|g__Megasphaera|s__Megasphaera_sp_DISK_18,0.01937046004842615,0.022088587600555192,0.006856019365069033
k__Bacteria|p__Firmicutes|c__Clostridia|o__Clostridiales|f__Clostridiales_Family_XIII_Incertae_Sedis|g__Mogibacterium|s__Mogibacterium_diversum,0.01937046004842615,0.006754697141197957,0.00038664301865538387
k__Bacteria|p__Firmicutes|c__Clostridia|o__Clostridiales|f__Lachnospiraceae|g__Roseburia|s__Roseburia_inulinivorans,0.01937046004842615,0.01945560062890849,5.269941635616987e-05
k__Bacteria|p__Firmicutes|c__Bacilli|o__Lactobacillales|f__Lactobacillaceae|g__Lactobacillus|s__Lactobacillus_ruminis,0.01937046004842615,0.013723978534859384,6.577004117954612e-06
k__Bacteria|p__Bacteroidetes|c__Bacteroidia|o__Bacteroidales|f__Prevotellaceae|g__Prevotella|s__Prevotella_melaninogenica,0.01937046004842615,0.0019724042225938423,0.012317928416876173
k__Bacteria|p__Firmicutes|c__Clostridia|o__Clostridiales|f__Ruminococcaceae|g__Ruminococcus|s__Ruminococcus_bromii,0.01937046004842615,0.012825308578994122,9.854206667435829e-06
k__Bacteria|p__Firmicutes|c__Erysipelotrichia|o__Erysipelotrichales|f__Erysipelotrichaceae|g__Dielma|s__Dielma_fastidiosa,0.01937046004842615,0.009076091299183095,2.734308124120642e-06
k__Bacteria|p__Actinobacteria|c__Coriobacteriia|o__Eggerthellales|f__Eggerthellaceae|g__Adlercreutzia|s__Adlercreutzia_equolifaciens,0.01937046004842615,0.007756311237491467,3.49838336686937e-05
k__Bacteria|p__Firmicutes|c__Clostridia|o__Clostridiales|f__Lachnospiraceae|g__Roseburia|s__Roseburia_sp_CAG_309,0.01937046004842615,0.0329169369409329,0.002405890367808734
k__Bacteria|p__Firmicutes|c__Clostridia|o__Clostridiales|f__Clostridiales_Family_XIII_Incertae_Sedis|g__Clostridiales_Family_XIII_Incertae_Sedis_unclassified|s__Eubacterium_sulci,0.01937046004842615,0.016356609861561292,4.1564828311606136e-06
k__Bacteria|p__Firmicutes|c__Clostridia|o__Clostridiales|f__Ruminococcaceae|g__Ruminococcaceae_unclassified|s__Clostridium_leptum,0.01937046004842615,0.006457752268007689,3.0603660931544434e-06
k__Bacteria|p__Firmicutes|c__Erysipelotrichia|o__Erysipelotrichales|f__Erysipelotrichaceae|g__Coprobacillus|s__Coprobacillus_cateniformis,0.01937046004842615,0.007752281454122655,3.4908452436912187e-07
k__Bacteria|p__Firmicutes|c__Clostridia|o__Clostridiales|f__Catabacteriaceae|g__Catabacter|s__Catabacter_hongkongensis,0.01937046004842615,0.00838385866890648,4.252306924764674e-07
k__Bacteria|p__Firmicutes|c__Clostridia|o__Clostridiales|f__Ruminococcaceae|g__Ruminococcus|s__Ruminococcus_sp_CAG_488,0.01694915254237288,0.00679529133458851,5.17885311885301e-06
k__Bacteria|p__Firmicutes|c__Clostridia|o__Clostridiales|f__Clostridiaceae|g__Clostridium|s__Clostridium_sp_CAG_167,0.01694915254237288,0.01164516239746567,5.989405757238783e-05
k__Bacteria|p__Firmicutes|c__Clostridia|o__Clostridiales|f__Ruminococcaceae|g__Pseudoflavonifractor|s__Pseudoflavonifractor_capillosus,0.01694915254237288,0.0040590266772984095,0.0006793245419965011
k__Bacteria|p__Proteobacteria|c__Gammaproteobacteria|o__Enterobacterales|f__Enterobacteriaceae|g__Klebsiella|s__Klebsiella_variicola,0.01694915254237288,0.007862683577642846,5.391912426973345e-05
k__Bacteria|p__Proteobacteria|c__Epsilonproteobacteria|o__Campylobacterales|f__Campylobacteraceae|g__Campylobacter|s__Campylobacter_hominis,0.01694915254237288,0.003701668831547577,1.8792051578493599e-06
k__Bacteria|p__Bacteroidetes|c__Bacteroidia|o__Bacteroidales|f__Bacteroidaceae|g__Bacteroides|s__Bacteroides_faecichinchillae,0.01694915254237288,0.010571272991796598,3.5007073732051515e-06
k__Bacteria|p__Firmicutes|c__Clostridia|o__Clostridiales|f__Lachnospiraceae|g__Butyrivibrio|s__Butyrivibrio_sp_CAG_318,0.01694915254237288,0.005297711647872555,3.065080466399214e-06
k__Bacteria|p__Firmicutes|c__Bacilli|o__Lactobacillales|f__Enterococcaceae|g__Enterococcus|s__Enterococcus_dispar,0.01694915254237288,0.011328502345955805,0.0006480908893692334
k__Bacteria|p__Firmicutes|c__Firmicutes_unclassified|o__Firmicutes_unclassified|f__Firmicutes_unclassified|g__Firmicutes_unclassified|s__Firmicutes_bacterium_CAG_646,0.01694915254237288,0.015181529698128629,5.6884490196863345e-05
k__Bacteria|p__Firmicutes|c__Clostridia|o__Clostridiales|f__Lachnospiraceae|g__Tyzzerella|s__Tyzzerella_nexilis,0.01694915254237288,0.008277774926989263,4.966761947380075e-06
k__Bacteria|p__Actinobacteria|c__Actinobacteria|o__Bifidobacteriales|f__Bifidobacteriaceae|g__Bifidobacterium|s__Bifidobacterium_bifidum,0.01694915254237288,0.003475075150871134,2.787545369853577e-06
k__Bacteria|p__Actinobacteria|c__Actinobacteria|o__Bifidobacteriales|f__Bifidobacteriaceae|g__Bifidobacterium|s__Bifidobacterium_adolescentis,0.01694915254237288,0.007061252586859293,6.688468760885094e-05
k__Bacteria|p__Firmicutes|c__Clostridia|o__Clostridiales|f__Lachnospiraceae|g__Lachnoclostridium|s__Clostridium_symbiosum,0.01694915254237288,0.004992649352478878,3.1685133862799998e-06
k__Bacteria|p__Firmicutes|c__Clostridia|o__Clostridiales|f__Lachnospiraceae|g__Coprococcus|s__Coprococcus_catus,0.01694915254237288,0.007859261700640916,6.098002616725211e-05
k__Bacteria|p__Firmicutes|c__Clostridia|o__Clostridiales|f__Ruminococcaceae|g__Flavonifractor|s__Flavonifractor_sp_An100,0.01694915254237288,0.013709235670639412,6.1713789283061225e-06
k__Bacteria|p__Firmicutes|c__Clostridia|o__Clostridiales|f__Lachnospiraceae|g__Blautia|s__Ruminococcus_gnavus,0.01694915254237288,0.007982889240096831,3.784553558864594e-06
k__Bacteria|p__Firmicutes|c__Bacilli|o__Lactobacillales|f__Streptococcaceae|g__Lactococcus|s__Lactococcus_lactis,0.01694915254237288,0.007821698454795842,2.0550148308600828e-06
k__Bacteria|p__Firmicutes|c__Clostridia|o__Clostridiales|f__Lachnospiraceae|g__Lachnoclostridium|s__Clostridium_lavalense,0.01694915254237288,0.0070812314221294975,5.6320596401093155e-06
k__Bacteria|p__Firmicutes|c__Clostridia|o__Clostridiales|f__Clostridiaceae|g__Clostridium|s__Clostridium_bolteae_CAG_59,0.01694915254237288,0.011560024947868005,1.9334807847921287e-06
k__Bacteria|p__Bacteroidetes|c__Bacteroidia|o__Bacteroidales|f__Prevotellaceae|g__Prevotella|s__Prevotella_sp_CAG_617,0.01694915254237288,0.01559255285436171,5.658815475956053e-05
k__Bacteria|p__Firmicutes|c__Clostridia|o__Clostridiales|f__Lachnospiraceae|g__Lachnoclostridium|s__Clostridium_bolteae,0.01694915254237288,0.006768975735173436,1.6496388559695527e-06
k__Bacteria|p__Firmicutes|c__Clostridia|o__Clostridiales|f__Lachnospiraceae|g__Anaerotignum|s__Anaerotignum_lactatifermentans,0.01694915254237288,0.008136352478998672,2.42093221106151e-07
k__Bacteria|p__Firmicutes|c__Erysipelotrichia|o__Erysipelotrichales|f__Erysipelotrichaceae|g__Massiliomicrobiota|s__Massiliomicrobiota_timonensis,0.01694915254237288,0.02069969209423708,0.000586188183787168
k__Bacteria|p__Firmicutes|c__Bacilli|o__Lactobacillales|f__Lactobacillaceae|g__Sharpea|s__Sharpea_azabuensis,0.01694915254237288,0.00034273882254106633,0.020911434324011668
k__Bacteria|p__Firmicutes|c__Clostridia|o__Clostridiales|f__Ruminococcaceae|g__Anaerotruncus|s__Anaerotruncus_colihominis,0.01694915254237288,0.0038767790893330235,9.172034757717064e-07
k__Bacteria|p__Bacteroidetes|c__Bacteroidia|o__Bacteroidales|f__Porphyromonadaceae|g__Porphyromonas|s__Porphyromonas_sp_HMSC065F10,0.01694915254237288,0.008239801684231447,3.448942887344212e-05
k__Bacteria|p__Firmicutes|c__Erysipelotrichia|o__Erysipelotrichales|f__Erysipelotrichaceae|g__Holdemanella|s__Holdemanella_biformis,0.01694915254237288,0.03902453040753634,0.002340810348070404
k__Bacteria|p__Firmicutes|c__Clostridia|o__Clostridiales|f__Ruminococcaceae|g__Ruminococcus|s__Ruminococcus_sp_CAG_330,0.01694915254237288,0.009232954498690193,3.794409249043646e-07
k__Bacteria|p__Firmicutes|c__Erysipelotrichia|o__Erysipelotrichales|f__Erysipelotrichaceae|g__Faecalicoccus|s__Faecalicoccus_pleomorphus,0.01694915254237288,0.010719798740718219,6.756313253058109e-06
k__Bacteria|p__Actinobacteria|c__Coriobacteriia|o__Eggerthellales|f__Eggerthellaceae|g__Slackia|s__Slackia_isoflavoniconvertens,0.01694915254237288,0.006621719626692959,1.7747978924988593e-06
k__Bacteria|p__Firmicutes|c__Clostridia|o__Clostridiales|f__Lachnospiraceae|g__Lachnoclostridium|s__Clostridium_clostridioforme,0.01694915254237288,0.017623093194592952,1.1182997491493153e-05
k__Bacteria|p__Actinobacteria|c__Actinobacteria|o__Bifidobacteriales|f__Bifidobacteriaceae|g__Aeriscardovia|s__Aeriscardovia_aeriphila,0.01694915254237288,0.009873272988253686,0.005021710167072224
k__Bacteria|p__Firmicutes|c__Clostridia|o__Clostridiales|f__Lachnospiraceae|g__Lachnoclostridium|s__Lachnoclostridium_sp_An138,0.01694915254237288,0.014196079383291952,0.001149010821440215
k__Bacteria|p__Bacteroidetes|c__Bacteroidia|o__Bacteroidales|f__Prevotellaceae|g__Prevotella|s__Prevotella_histicola,0.01694915254237288,0.002308380442089655,0.0053785977642412455
k__Bacteria|p__Fusobacteria|c__Fusobacteriia|o__Fusobacteriales|f__Leptotrichiaceae|g__Leptotrichia|s__Leptotrichia_wadei,0.01694915254237288,0.0034543986547744708,0.0013083161935838348
k__Bacteria|p__Proteobacteria|c__Betaproteobacteria|o__Neisseriales|f__Neisseriaceae|g__Neisseria|s__Neisseria_flavescens,0.01694915254237288,0.0078187602725087,0.0041150014522167815
k__Bacteria|p__Firmicutes|c__Clostridia|o__Clostridiales|f__Ruminococcaceae|g__Ruthenibacterium|s__Ruthenibacterium_lactatiformans,0.01694915254237288,0.006056622886534253,2.629341390054126e-07
k__Bacteria|p__Firmicutes|c__Negativicutes|o__Veillonellales|f__Veillonellaceae|g__Dialister|s__Dialister_invisus,0.01694915254237288,0.007326316837653303,4.97252571222231e-07
k__Bacteria|p__Actinobacteria|c__Coriobacteriia|o__Eggerthellales|f__Eggerthellaceae|g__Eggerthella|s__Eggerthella_lenta,0.01694915254237288,0.003806515415931893,1.9496042154384736e-07
k__Bacteria|p__Bacteroidetes|c__Bacteroidia|o__Bacteroidales|f__Tannerellaceae|g__Parabacteroides|s__Parabacteroides_johnsonii,0.01694915254237288,0.008953747068152176,3.392218787601119e-06
k__Bacteria|p__Firmicutes|c__Bacilli|o__Lactobacillales|f__Streptococcaceae|g__Streptococcus|s__Streptococcus_oralis,0.01694915254237288,0.013783303585818335,1.8757006042074606e-05
k__Bacteria|p__Firmicutes|c__Bacilli|o__Bacillales|f__Bacillales_unclassified|g__Gemella|s__Gemella_morbillorum,0.01694915254237288,0.01197127912002342,4.367596004221041e-05
k__Bacteria|p__Actinobacteria|c__Actinobacteria|o__Micrococcales|f__Micrococcaceae|g__Rothia|s__Rothia_mucilaginosa,0.01694915254237288,0.007260225519078901,0.00024141047793212138
k__Bacteria|p__Firmicutes|c__Negativicutes|o__Veillonellales|f__Veillonellaceae|g__Veillonella|s__Veillonella_dispar,0.01694915254237288,0.010917872834990544,9.780812626759924e-06
k__Bacteria|p__Firmicutes|c__Clostridia|o__Clostridiales|f__Lachnospiraceae|g__Roseburia|s__Roseburia_faecis,0.01694915254237288,0.004327915530692255,5.277448807910682e-06
k__Bacteria|p__Firmicutes|c__Clostridia|o__Clostridiales|f__Eubacteriaceae|g__Eubacterium|s__Eubacterium_eligens,0.01694915254237288,0.016643283866393747,2.5797587866765808e-06
k__Bacteria|p__Bacteroidetes|c__Bacteroidia|o__Bacteroidales|f__Prevotellaceae|g__Prevotella|s__Prevotella_sp_S7_1_8,0.01694915254237288,0.0100112709986859,0.0008079321756689231
k__Bacteria|p__Firmicutes|c__Clostridia|o__Clostridiales|f__Ruminococcaceae|g__Gemmiger|s__Gemmiger_formicilis,0.01694915254237288,0.0046770660562597466,7.191799692021932e-06
k__Bacteria|p__Actinobacteria|c__Coriobacteriia|o__Coriobacteriales|f__Coriobacteriaceae|g__Enorma|s__Enorma_massiliensis,0.01694915254237288,0.013724492946792574,0.0034822168226745728
k__Bacteria|p__Firmicutes|c__Clostridia|o__Clostridiales|f__Eubacteriaceae|g__Eubacterium|s__Eubacterium_ventriosum,0.01694915254237288,0.003320243882082905,1.686201550549592e-06
k__Bacteria|p__Actinobacteria|c__Coriobacteriia|o__Eggerthellales|f__Eggerthellaceae|g__Gordonibacter|s__Gordonibacter_pamelaeae,0.01694915254237288,0.009239757544858581,4.671995405156086e-06
k__Bacteria|p__Actinobacteria|c__Actinobacteria|o__Bifidobacteriales|f__Bifidobacteriaceae|g__Bifidobacterium|s__Bifidobacterium_longum,0.01694915254237288,0.014582692371981858,6.091221751823757e-05
k__Bacteria|p__Firmicutes|c__Clostridia|o__Clostridiales|f__Eubacteriaceae|g__Eubacterium|s__Eubacterium_hallii,0.01694915254237288,0.005586807610508046,1.7229835337627412e-06
k__Bacteria|p__Proteobacteria|c__Gammaproteobacteria|o__Pasteurellales|f__Pasteurellaceae|g__Aggregatibacter|s__Aggregatibacter_segnis,0.01694915254237288,0.0020461491614907827,0.023471855006111892
k__Bacteria|p__Firmicutes|c__Clostridia|o__Clostridiales|f__Lachnospiraceae|g__Dorea|s__Dorea_longicatena,0.01694915254237288,0.008017753773178803,6.092932751731689e-05
k__Bacteria|p__Bacteroidetes|c__Bacteroidia|o__Bacteroidales|f__Rikenellaceae|g__Alistipes|s__Alistipes_putredinis,0.01694915254237288,0.010287836441627379,4.88244836304359e-07
k__Bacteria|p__Proteobacteria|c__Deltaproteobacteria|o__Desulfovibrionales|f__Desulfovibrionaceae|g__Bilophila|s__Bilophila_wadsworthia,0.01694915254237288,0.010078080104078456,2.0532197688854097e-06
k__Bacteria|p__Firmicutes|c__Bacilli|o__Lactobacillales|f__Streptococcaceae|g__Streptococcus|s__Streptococcus_sanguinis,0.014527845036319613,0.003067373382506186,7.468760211346162e-06
k__Bacteria|p__Bacteroidetes|c__Bacteroidia|o__Bacteroidales|f__Prevotellaceae|g__Prevotella|s__Prevotella_disiens,0.014527845036319613,0.0033892974589494916,1.283977864821541e-07
k__Bacteria|p__Synergistetes|c__Synergistia|o__Synergistales|f__Synergistaceae|g__Fretibacterium|s__Fretibacterium_fastidiosum,0.014527845036319613,0.0031695108397363178,0.006154454090380036
k__Bacteria|p__Firmicutes|c__Clostridia|o__Clostridiales|f__Lachnospiraceae|g__Lachnoclostridium|s__Clostridium_citroniae,0.014527845036319613,0.003923570037285844,3.1410382556923356e-06
k__Bacteria|p__Firmicutes|c__Clostridia|o__Clostridiales|f__Clostridiales_unclassified|g__Clostridiales_unclassified|s__Clostridiales_bacterium_CHKCI006,0.014527845036319613,0.006060939620176109,0.003510693583727074
k__Bacteria|p__Actinobacteria|c__Actinobacteria|o__Propionibacteriales|f__Propionibacteriaceae|g__Cutibacterium|s__Cutibacterium_acnes,0.014527845036319613,0.011558571767091338,0.00016710617923495528
k__Bacteria|p__Bacteroidetes|c__Bacteroidia|o__Bacteroidales|f__Bacteroidaceae|g__Bacteroides|s__Bacteroides_clarus,0.014527845036319613,0.01544443463315189,2.9010830365762754e-05
k__Bacteria|p__Firmicutes|c__Clostridia|o__Clostridiales|f__Ruminococcaceae|g__Pseudoflavonifractor|s__Pseudoflavonifractor_sp_An184,0.014527845036319613,0.004638859307856592,0.00026052585068515443
k__Bacteria|p__Firmicutes|c__Bacilli|o__Lactobacillales|f__Streptococcaceae|g__Streptococcus|s__Streptococcus_vestibularis,0.014527845036319613,0.002829098507354085,0.004046174532940204
k__Bacteria|p__Firmicutes|c__Clostridia|o__Clostridiales|f__Eubacteriaceae|g__Eubacterium|s__Eubacterium_limosum,0.014527845036319613,0.008405057064113106,0.004421678141095401
k__Bacteria|p__Firmicutes|c__Clostridia|o__Clostridiales|f__Lachnospiraceae|g__Lachnoclostridium|s__Lachnoclostridium_sp_An14,0.014527845036319613,0.015843938594297134,0.0010925694300645012
k__Bacteria|p__Firmicutes|c__Erysipelotrichia|o__Erysipelotrichales|f__Erysipelotrichaceae|g__Candidatus_Stoquefichus|s__Candidatus_Stoquefichus_sp_KLE1796,0.014527845036319613,0.011737589636078363,5.921339143794327e-05
k__Bacteria|p__Bacteroidetes|c__Bacteroidia|o__Bacteroidales|f__Prevotellaceae|g__Prevotella|s__Prevotella_sp_CAG_279,0.014527845036319613,0.009219176679135424,4.435587397997183e-06
k__Bacteria|p__Firmicutes|c__Clostridia|o__Clostridiales|f__Lachnospiraceae|g__Blautia|s__Blautia_obeum,0.014527845036319613,0.006608233040136284,1.831492198225744e-06
k__Bacteria|p__Firmicutes|c__Clostridia|o__Clostridiales|f__Clostridiaceae|g__Clostridium|s__Clostridium_sp_CAG_299,0.014527845036319613,0.006928730460127745,2.659725149690797e-07
k__Bacteria|p__Bacteroidetes|c__Bacteroidia|o__Bacteroidales|f__Prevotellaceae|g__Prevotella|s__Prevotella_buccalis,0.014527845036319613,0.01981314047288346,0.0013873021764898024
k__Bacteria|p__Bacteroidetes|c__Bacteroidia|o__Bacteroidales|f__Bacteroidaceae|g__Bacteroides|s__Bacteroides_stercorirosoris,0.014527845036319613,0.01158141253994783,0.00015496064811668428
k__Bacteria|p__Firmicutes|c__Clostridia|o__Clostridiales|f__Lachnospiraceae|g__Lachnospira|s__Lachnospira_pectinoschiza,0.014527845036319613,0.005509863851397727,1.5783413907681325e-06
k__Bacteria|p__Firmicutes|c__Erysipelotrichia|o__Erysipelotrichales|f__Erysipelotrichaceae|g__Erysipelatoclostridium|s__Clostridium_innocuum,0.014527845036319613,0.005727816358659775,2.2303932348059037e-06
k__Bacteria|p__Firmicutes|c__Clostridia|o__Clostridiales|f__Clostridiaceae|g__Clostridium|s__Clostridium_disporicum,0.014527845036319613,0.0059699486068313275,5.637603538686383e-05
k__Eukaryota|p__Eukaryota_unclassified|c__Eukaryota_unclassified|o__Eukaryota_unclassified|f__Eukaryota_unclassified|g__Blastocystis|s__Blastocystis_sp_subtype_1,0.014527845036319613,0.021344525718856953,0.0022712665507975986
k__Bacteria|p__Firmicutes|c__Clostridia|o__Clostridiales|f__Ruminococcaceae|g__Agathobaculum|s__Agathobaculum_butyriciproducens,0.014527845036319613,0.005424394032767347,1.7926003303479653e-06
k__Bacteria|p__Bacteroidetes|c__Bacteroidia|o__Bacteroidales|f__Prevotellaceae|g__Prevotella|s__Prevotella_copri,0.014527845036319613,0.007292595440417777,1.6950948348678123e-06
k__Bacteria|p__Bacteroidetes|c__Bacteroidia|o__Bacteroidales|f__Odoribacteraceae|g__Butyricimonas|s__Butyricimonas_virosa,0.014527845036319613,0.006028584585108841,3.222060148587272e-07
k__Bacteria|p__Firmicutes|c__Clostridia|o__Clostridiales|f__Ruminococcaceae|g__Ruminococcus|s__Ruminococcus_bicirculans,0.014527845036319613,0.004323270545989268,2.372136834482855e-06
k__Bacteria|p__Firmicutes|c__Firmicutes_unclassified|o__Firmicutes_unclassified|f__Firmicutes_unclassified|g__Firmicutes_unclassified|s__Firmicutes_bacterium_CAG_95,0.014527845036319613,0.005366767449929276,4.611475723361644e-06
k__Bacteria|p__Bacteroidetes|c__Bacteroidia|o__Bacteroidales|f__Tannerellaceae|g__Parabacteroides|s__Parabacteroides_merdae,0.014527845036319613,0.011621676735249513,1.2736344680743763e-06
k__Bacteria|p__Firmicutes|c__Clostridia|o__Clostridiales|f__Lachnospiraceae|g__Dorea|s__Dorea_formicigenerans,0.014527845036319613,0.0030895747170171547,7.726092994303631e-07
k__Bacteria|p__Firmicutes|c__Bacilli|o__Lactobacillales|f__Streptococcaceae|g__Streptococcus|s__Streptococcus_parasanguinis,0.014527845036319613,0.0027313894688747197,5.426222099438567e-07
k__Bacteria|p__Firmicutes|c__Clostridia|o__Clostridiales|f__Lachnospiraceae|g__Roseburia|s__Roseburia_sp_CAG_182,0.014527845036319613,0.006351169969301108,2.035896728760487e-05
k__Bacteria|p__Actinobacteria|c__Actinobacteria|o__Bifidobacteriales|f__Bifidobacteriaceae|g__Bifidobacterium|s__Bifidobacterium_pseudocatenulatum,0.014527845036319613,0.005915658883916889,4.123164255222412e-06
k__Bacteria|p__Firmicutes|c__Clostridia|o__Clostridiales|f__Clostridiaceae|g__Hungatella|s__Hungatella_hathewayi,0.014527845036319613,0.0023622258002276336,1.6259795990499752e-07
k__Bacteria|p__Proteobacteria|c__Gammaproteobacteria|o__Enterobacterales|f__Enterobacteriaceae|g__Klebsiella|s__Klebsiella_pneumoniae,0.014527845036319613,0.0041510861237425345,1.5714739183546395e-06
k__Bacteria|p__Bacteroidetes|c__Bacteroidia|o__Bacteroidales|f__Rikenellaceae|g__Alistipes|s__Alistipes_shahii,0.014527845036319613,0.00974490089596666,3.5628450099275114e-06
k__Bacteria|p__Bacteroidetes|c__Bacteroidia|o__Bacteroidales|f__Porphyromonadaceae|g__Porphyromonas|s__Porphyromonas_asaccharolytica,0.014527845036319613,0.006416944390295058,3.451168035523326e-05
k__Bacteria|p__Actinobacteria|c__Actinobacteria|o__Actinomycetales|f__Actinomycetaceae|g__Actinomyces|s__Actinomyces_sp_S6_Spd3,0.014527845036319613,0.006232856471789303,0.0003723305007512414
k__Bacteria|p__Firmicutes|c__Negativicutes|o__Selenomonadales|f__Selenomonadaceae|g__Megamonas|s__Megamonas_hypermegale,0.012106537530266345,0.005842605718018987,2.423785939820241e-07
k__Bacteria|p__Bacteroidetes|c__Bacteroidia|o__Bacteroidales|f__Prevotellaceae|g__Prevotella|s__Prevotella_sp_CAG_1031,0.012106537530266345,0.0026371149515666374,9.432051446727214e-06
k__Bacteria|p__Firmicutes|c__Clostridia|o__Clostridiales|f__Oscillospiraceae|g__Oscillibacter|s__Oscillibacter_sp_PC13,0.012106537530266345,0.0059258973892065405,0.003096774551970301
k__Bacteria|p__Firmicutes|c__Bacilli|o__Lactobacillales|f__Streptococcaceae|g__Streptococcus|s__Streptococcus_mitis,0.012106537530266345,0.004524207409700233,2.9321395785461254e-06
k__Bacteria|p__Firmicutes|c__Clostridia|o__Clostridiales|f__Lachnospiraceae|g__Eisenbergiella|s__Eisenbergiella_massiliensis,0.012106537530266345,0.003424333501517315,1.5942326654153466e-06
k__Bacteria|p__Bacteroidetes|c__Bacteroidia|o__Bacteroidales|f__Prevotellaceae|g__Prevotella|s__Prevotella_corporis,0.012106537530266345,0.0025273407814297927,2.299663880637458e-06
k__Bacteria|p__Firmicutes|c__Clostridia|o__Clostridiales|f__Lachnospiraceae|g__Blautia|s__Blautia_wexlerae,0.012106537530266345,0.006041805937031584,1.6483515976051316e-07
k__Bacteria|p__Actinobacteria|c__Actinobacteria|o__Actinomycetales|f__Actinomycetaceae|g__Varibaculum|s__Varibaculum_cambriense,0.012106537530266345,0.0028688783647191963,0.0005407739091021889
k__Bacteria|p__Firmicutes|c__Clostridia|o__Clostridiales|f__Lachnospiraceae|g__Lachnoclostridium|s__Lachnoclostridium_sp_An131,0.012106537530266345,0.007530765223059631,0.00013537910873766558
k__Bacteria|p__Firmicutes|c__Clostridia|o__Clostridiales|f__Lachnospiraceae|g__Lachnospiraceae_unclassified|s__Lachnospiraceae_bacterium_oral_taxon_096,0.012106537530266345,0.007290926518663756,5.221729423737059e-05
k__Archaea|p__Euryarchaeota|c__Thermoplasmata|o__Methanomassiliicoccales|f__Methanomassiliicoccaceae|g__Methanomassiliicoccus|s__Candidatus_Methanomassiliicoccus_intestinalis,0.012106537530266345,0.004323761494544588,9.054852502451322e-06
k__Bacteria|p__Bacteroidetes|c__Bacteroidia|o__Bacteroidales|f__Prevotellaceae|g__Prevotella|s__Prevotella_sp_AM42_24,0.012106537530266345,0.002944835733543163,1.7078017512416306e-06
k__Bacteria|p__Proteobacteria|c__Gammaproteobacteria|o__Enterobacterales|f__Hafniaceae|g__Hafnia|s__Hafnia_paralvei,0.012106537530266345,0.00438089803662797,0.0002956940844085574
k__Bacteria|p__Firmicutes|c__Clostridia|o__Clostridiales|f__Lachnospiraceae|g__Lachnospiraceae_unclassified|s__Eubacterium_rectale,0.012106537530266345,0.0028115751217956744,3.321212822983947e-06
k__Bacteria|p__Bacteroidetes|c__Bacteroidia|o__Bacteroidales|f__Odoribacteraceae|g__Butyricimonas|s__Butyricimonas_synergistica,0.012106537530266345,0.008250998419353102,0.0008413625643389709
k__Bacteria|p__Firmicutes|c__Clostridia|o__Clostridiales|f__Lachnospiraceae|g__Roseburia|s__Roseburia_intestinalis,0.012106537530266345,0.0024049901919793288,1.5267878772466436e-06
k__Bacteria|p__Firmicutes|c__Clostridia|o__Clostridiales|f__Lachnospiraceae|g__Blautia|s__Blautia_coccoides,0.012106537530266345,0.0022322833306594415,6.56217108039264e-05
k__Bacteria|p__Proteobacteria|c__Epsilonproteobacteria|o__Campylobacterales|f__Helicobacteraceae|g__Helicobacter|s__Helicobacter_pylori,0.012106537530266345,0.0022554903357227753,2.5080829568702567e-05
k__Bacteria|p__Actinobacteria|c__Actinobacteria|o__Bifidobacteriales|f__Bifidobacteriaceae|g__Bifidobacterium|s__Bifidobacterium_animalis,0.012106537530266345,0.005888709236737295,8.95123027782772e-06
k__Bacteria|p__Firmicutes|c__Negativicutes|o__Veillonellales|f__Veillonellaceae|g__Negativicoccus|s__Negativicoccus_succinicivorans,0.012106537530266345,0.002067669216690757,0.00010868642538306938
k__Bacteria|p__Firmicutes|c__Clostridia|o__Clostridiales|f__Ruminococcaceae|g__Anaerotruncus|s__Anaerotruncus_sp_CAG_528,0.012106537530266345,0.0037540810045755386,1.5570194540046683e-06
k__Bacteria|p__Firmicutes|c__Negativicutes|o__Veillonellales|f__Veillonellaceae|g__Veillonella|s__Veillonella_atypica,0.012106537530266345,0.001166273593655093,1.9004424006586227e-06
k__Bacteria|p__Bacteroidetes|c__Bacteroidia|o__Bacteroidales|f__Rikenellaceae|g__Alistipes|s__Alistipes_indistinctus,0.012106537530266345,0.005254100310456691,1.3463512508732934e-06
k__Bacteria|p__Firmicutes|c__Clostridia|o__Clostridiales|f__Lachnospiraceae|g__Lachnoclostridium|s__Clostridium_hylemonae,0.012106537530266345,0.006291202502211663,4.496577161822435e-05
k__Bacteria|p__Bacteroidetes|c__Bacteroidia|o__Bacteroidales|f__Tannerellaceae|g__Parabacteroides|s__Parabacteroides_goldsteinii,0.012106537530266345,0.003535540575456321,1.8425490209097302e-06
k__Bacteria|p__Verrucomicrobia|c__Verrucomicrobiae|o__Verrucomicrobiales|f__Akkermansiaceae|g__Akkermansia|s__Akkermansia_muciniphila,0.012106537530266345,0.007066343794319049,6.338305227672868e-05
k__Bacteria|p__Firmicutes|c__Bacilli|o__Lactobacillales|f__Streptococcaceae|g__Streptococcus|s__Streptococcus_salivarius,0.012106537530266345,0.004755349033743796,3.099018899744945e-06
k__Bacteria|p__Firmicutes|c__Negativicutes|o__Acidaminococcales|f__Acidaminococcaceae|g__Phascolarctobacterium|s__Phascolarctobacterium_succinatutens,0.012106537530266345,0.0041633830484989545,1.730381076181562e-06
k__Bacteria|p__Bacteroidetes|c__Bacteroidia|o__Bacteroidales|f__Barnesiellaceae|g__Coprobacter|s__Coprobacter_sp,0.012106537530266345,0.010828447718499324,0.000837409720151283
k__Bacteria|p__Firmicutes|c__Clostridia|o__Clostridiales|f__Lachnospiraceae|g__Lachnoclostridium|s__Clostridium_asparagiforme,0.012106537530266345,0.01596683808585257,0.0025153051401745627
k__Bacteria|p__Firmicutes|c__Clostridia|o__Clostridiales|f__Lachnospiraceae|g__Blautia|s__Blautia_producta,0.012106537530266345,0.014499195710066725,0.00172587018668071
k__Bacteria|p__Bacteroidetes|c__Bacteroidia|o__Bacteroidales|f__Prevotellaceae|g__Prevotella|s__Prevotella_sp_885,0.012106537530266345,0.0025064462617295515,2.3980034370026436e-07
k__Bacteria|p__Firmicutes|c__Bacilli|o__Lactobacillales|f__Enterococcaceae|g__Enterococcus|s__Enterococcus_faecium,0.012106537530266345,0.004117566296483502,4.993319719146971e-07
k__Bacteria|p__Firmicutes|c__Negativicutes|o__Veillonellales|f__Veillonellaceae|g__Dialister|s__Dialister_sp_CAG_357,0.012106537530266345,0.006076833045265977,1.4127967840005783e-06
k__Bacteria|p__Bacteroidetes|c__Bacteroidia|o__Bacteroidales|f__Bacteroidaceae|g__Bacteroides|s__Bacteroides_faecis_CAG_32,0.012106537530266345,0.00649343333906264,3.461899668459664e-06
k__Bacteria|p__Firmicutes|c__Tissierellia|o__Tissierellales|f__Peptoniphilaceae|g__Parvimonas|s__Parvimonas_micra,0.012106537530266345,0.003669367751188724,1.7393617849110938e-05
k__Bacteria|p__Bacteroidetes|c__Bacteroidia|o__Bacteroidales|f__Bacteroidaceae|g__Bacteroides|s__Bacteroides_cellulosilyticus,0.012106537530266345,0.005365618670312519,3.1094720159069386e-07
k__Bacteria|p__Firmicutes|c__Negativicutes|o__Acidaminococcales|f__Acidaminococcaceae|g__Acidaminococcus|s__Acidaminococcus_intestini,0.012106537530266345,0.0032499056813824435,8.821407404735288e-08
k__Bacteria|p__Proteobacteria|c__Betaproteobacteria|o__Burkholderiales|f__Oxalobacteraceae|g__Oxalobacter|s__Oxalobacter_formigenes,0.012106537530266345,0.0037341379542762602,5.1886230051629735e-06
k__Bacteria|p__Firmicutes|c__Bacilli|o__Lactobacillales|f__Streptococcaceae|g__Streptococcus|s__Streptococcus_sp_F0442,0.012106537530266345,0.0026589752172468993,0.0020954184637817907
k__Bacteria|p__Firmicutes|c__Erysipelotrichia|o__Erysipelotrichales|f__Erysipelotrichaceae|g__Solobacterium|s__Solobacterium_moorei,0.012106537530266345,0.002853644505333064,1.7772421236782516e-06
k__Bacteria|p__Actinobacteria|c__Coriobacteriia|o__Coriobacteriales|f__Atopobiaceae|g__Atopobium|s__Atopobium_vaginae,0.012106537530266345,0.002325493861460092,0.004019644119528428
k__Bacteria|p__Firmicutes|c__Clostridia|o__Clostridiales|f__Lachnospiraceae|g__Blautia|s__Blautia_sp_CAG_257,0.012106537530266345,0.00357317265377368,2.338797241590224e-06
k__Bacteria|p__Bacteroidetes|c__Bacteroidia|o__Bacteroidales|f__Barnesiellaceae|g__Coprobacter|s__Coprobacter_fastidiosus,0.012106537530266345,0.005306073215954495,9.157074146803501e-06
k__Bacteria|p__Firmicutes|c__Bacilli|o__Bacillales|f__Bacillales_unclassified|g__Gemella|s__Gemella_sanguinis,0.012106537530266345,0.003209630324953332,0.004282879989596086
k__Bacteria|p__Firmicutes|c__Clostridia|o__Clostridiales|f__Eubacteriaceae|g__Eubacterium|s__Eubacterium_sp_CAG_274,0.012106537530266345,0.0008722550281089818,1.6338992988103485e-06
k__Archaea|p__Euryarchaeota|c__Methanobacteria|o__Methanobacteriales|f__Methanobacteriaceae|g__Methanobrevibacter|s__Methanobrevibacter_smithii,0.012106537530266345,0.0011368334228311107,2.6642449500738155e-07
k__Bacteria|p__Firmicutes|c__Clostridia|o__Clostridiales|f__Peptostreptococcaceae|g__Romboutsia|s__Romboutsia_ilealis,0.012106537530266345,0.0026441153261952816,8.088556357947594e-06
k__Bacteria|p__Bacteroidetes|c__Bacteroidia|o__Bacteroidales|f__Porphyromonadaceae|g__Porphyromonas|s__Porphyromonas_uenonis,0.012106537530266345,0.0023455371296771483,2.509680488841295e-05
k__Bacteria|p__Firmicutes|c__Bacilli|o__Lactobacillales|f__Streptococcaceae|g__Streptococcus|s__Streptococcus_sp_HMSC034E03,0.012106537530266345,0.0029183714956472124,0.00020702548914482036
k__Bacteria|p__Firmicutes|c__Tissierellia|o__Tissierellales|f__Peptoniphilaceae|g__Anaerococcus|s__Anaerococcus_lactolyticus,0.012106537530266345,0.0051480593826582,2.5020503612775662e-05
k__Bacteria|p__Firmicutes|c__Bacilli|o__Lactobacillales|f__Streptococcaceae|g__Streptococcus|s__Streptococcus_thermophilus,0.012106537530266345,0.0060798931803702615,3.092655551586646e-06
k__Bacteria|p__Bacteroidetes|c__Bacteroidia|o__Bacteroidales|f__Prevotellaceae|g__Prevotella|s__Prevotella_timonensis,0.012106537530266345,0.0044283791063892105,2.4471151722758166e-06
k__Bacteria|p__Firmicutes|c__Clostridia|o__Clostridiales|f__Clostridiales_unclassified|g__Clostridiales_unclassified|s__Bacteroides_pectinophilus,0.012106537530266345,0.0018800169307267634,1.8491844894642689e-06
k__Bacteria|p__Firmicutes|c__Firmicutes_unclassified|o__Firmicutes_unclassified|f__Firmicutes_unclassified|g__Firmicutes_unclassified|s__Firmicutes_bacterium_CAG_94,0.012106537530266345,0.001929175694434962,1.1885524209388354e-06
k__Bacteria|p__Firmicutes|c__Clostridia|o__Clostridiales|f__Lachnospiraceae|g__Lachnoclostridium|s__Clostridium_saccharolyticum,0.012106537530266345,0.0103824352648333,0.00016880192562606088
k__Bacteria|p__Bacteroidetes|c__Bacteroidia|o__Bacteroidales|f__Rikenellaceae|g__Alistipes|s__Alistipes_inops,0.009685230024213076,0.003743217339874394,1.2710234566663913e-07
k__Bacteria|p__Firmicutes|c__Negativicutes|o__Acidaminococcales|f__Acidaminococcaceae|g__Phascolarctobacterium|s__Phascolarctobacterium_sp_CAG_266,0.009685230024213076,0.001703841152431497,3.054548198134076e-06
k__Bacteria|p__Firmicutes|c__Clostridia|o__Clostridiales|f__Lachnospiraceae|g__Lachnoclostridium|s__Lachnoclostridium_sp_An118,0.009685230024213076,0.004974983857573405,0.00012053734273099791
k__Bacteria|p__Firmicutes|c__Erysipelotrichia|o__Erysipelotrichales|f__Erysipelotrichaceae|g__Absiella|s__Absiella_dolichum,0.009685230024213076,0.0015030713257718027,5.9523894035059114e-08
k__Bacteria|p__Proteobacteria|c__Gammaproteobacteria|o__Enterobacterales|f__Enterobacteriaceae|g__Citrobacter|s__Citrobacter_europaeus,0.009685230024213076,0.0060476786486229565,4.769516289324808e-06
k__Bacteria|p__Firmicutes|c__Clostridia|o__Clostridiales|f__Clostridiaceae|g__Clostridium|s__Clostridium_sp_chh4_2,0.009685230024213076,0.0043124907356066194,0.00016981793610741904
k__Bacteria|p__Firmicutes|c__Clostridia|o__Clostridiales|f__Clostridiaceae|g__Clostridium|s__Clostridium_sp_CAG_242,0.009685230024213076,0.0038000982227080304,4.1275845836332255e-06
k__Bacteria|p__Bacteroidetes|c__Bacteroidia|o__Bacteroidales|f__Bacteroidaceae|g__Bacteroides|s__Bacteroides_thetaiotaomicron,0.009685230024213076,0.0022512717776201844,1.519862644996782e-06
k__Bacteria|p__Firmicutes|c__Bacilli|o__Lactobacillales|f__Streptococcaceae|g__Streptococcus|s__Streptococcus_cristatus,0.009685230024213076,0.0008583127222171022,0.003929641861842236
k__Bacteria|p__Firmicutes|c__Clostridia|o__Clostridiales|f__Eubacteriaceae|g__Eubacterium|s__Eubacterium_sp_OM08_24,0.009685230024213076,0.006351201543329633,0.0062796862152774595
k__Bacteria|p__Firmicutes|c__Bacilli|o__Lactobacillales|f__Streptococcaceae|g__Streptococcus|s__Streptococcus_sp_HMSC067H01,0.009685230024213076,0.0029772822022217133,0.004141593842494417
k__Bacteria|p__Bacteroidetes|c__Bacteroidia|o__Bacteroidales|f__Barnesiellaceae|g__Barnesiella|s__Barnesiella_intestinihominis,0.009685230024213076,0.0015671791114113987,3.129531141600692e-07
k__Bacteria|p__Bacteroidetes|c__Bacteroidia|o__Bacteroidales|f__Tannerellaceae|g__Parabacteroides|s__Parabacteroides_gordonii,0.009685230024213076,0.004085714191423464,3.238817111475362e-05
k__Bacteria|p__Firmicutes|c__Bacilli|o__Lactobacillales|f__Lactobacillaceae|g__Lactobacillus|s__Lactobacillus_rogosae,0.009685230024213076,0.0027884570614470786,2.9598538864442565e-06
k__Bacteria|p__Firmicutes|c__Firmicutes_unclassified|o__Firmicutes_unclassified|f__Firmicutes_unclassified|g__Firmicutes_unclassified|s__Firmicutes_bacterium_CAG_424,0.009685230024213076,0.00444879739663682,0.00131064238041227
k__Bacteria|p__Firmicutes|c__Clostridia|o__Clostridiales|f__Ruminococcaceae|g__Ruminococcus|s__Ruminococcus_lactaris,0.009685230024213076,0.003363615676391107,1.558212260511222e-06
k__Bacteria|p__Firmicutes|c__Clostridia|o__Clostridiales|f__Ruminococcaceae|g__Harryflintia|s__Harryflintia_acetispora,0.009685230024213076,0.002232374791056404,0.002353877995084381
k__Bacteria|p__Bacteroidetes|c__Bacteroidia|o__Bacteroidales|f__Bacteroidaceae|g__Bacteroides|s__Bacteroides_sp_CAG_443,0.009685230024213076,0.0034582614988723057,2.2355574586891366e-06
k__Bacteria|p__Proteobacteria|c__Gammaproteobacteria|o__Pasteurellales|f__Pasteurellaceae|g__Haemophilus|s__Haemophilus_sp_HMSC71H05,0.009685230024213076,0.0072925973045391765,4.1880692616615135e-05
k__Bacteria|p__Bacteroidetes|c__Bacteroidia|o__Bacteroidales|f__Bacteroidaceae|g__Bacteroides|s__Bacteroides_galacturonicus,0.009685230024213076,0.0011568471309435962,1.6274105010516253e-06
k__Bacteria|p__Firmicutes|c__Negativicutes|o__Veillonellales|f__Veillonellaceae|g__Veillonella|s__Veillonella_infantium,0.009685230024213076,0.005713443560904107,0.000216595939743604
k__Bacteria|p__Proteobacteria|c__Gammaproteobacteria|o__Enterobacterales|f__Enterobacteriaceae|g__Citrobacter|s__Citrobacter_youngae,0.009685230024213076,0.003906874189915604,0.0042376028017948875
k__Bacteria|p__Actinobacteria|c__Actinobacteria|o__Bifidobacteriales|f__Bifidobacteriaceae|g__Bifidobacterium|s__Bifidobacterium_angulatum,0.009685230024213076,0.0029623839249258203,1.421525193972624e-07
k__Bacteria|p__Firmicutes|c__Clostridia|o__Clostridiales|f__Clostridiales_unclassified|g__Intestinimonas|s__Intestinimonas_butyriciproducens,0.009685230024213076,0.0025347173074579447,7.160582527130019e-08
k__Bacteria|p__Firmicutes|c__Clostridia|o__Clostridiales|f__Clostridiaceae|g__Clostridium|s__Clostridium_paraputrificum,0.009685230024213076,0.003283330681514248,3.432608026574789e-06
k__Bacteria|p__Firmicutes|c__Tissierellia|o__Tissierellales|f__Peptoniphilaceae|g__Peptoniphilus|s__Peptoniphilus_sp_HMSC062D09,0.009685230024213076,0.0010773447837368435,0.00010915074122747343
k__Bacteria|p__Proteobacteria|c__Epsilonproteobacteria|o__Campylobacterales|f__Campylobacteraceae|g__Campylobacter|s__Campylobacter_ureolyticus,0.009685230024213076,0.004289958684455,0.00011050068559185433
k__Bacteria|p__Firmicutes|c__Clostridia|o__Clostridiales|f__Clostridiaceae|g__Clostridium|s__Clostridium_sp_D5,0.009685230024213076,0.003926273361415231,1.6108118483714226e-05
k__Bacteria|p__Bacteroidetes|c__Bacteroidia|o__Bacteroidales|f__Bacteroidaceae|g__Bacteroides|s__Bacteroides_stercoris,0.009685230024213076,0.0024493069473033773,2.783333924949893e-07
k__Bacteria|p__Spirochaetes|c__Spirochaetia|o__Brachyspirales|f__Brachyspiraceae|g__Brachyspira|s__Brachyspira_sp_CAG_700,0.009685230024213076,0.0019674691859593455,1.5226859407269083e-06
k__Bacteria|p__Bacteroidetes|c__Bacteroidia|o__Bacteroidales|f__Bacteroidaceae|g__Bacteroides|s__Bacteroides_intestinalis,0.009685230024213076,0.0017547992419572516,2.908194175147673e-07
k__Bacteria|p__Firmicutes|c__Negativicutes|o__Veillonellales|f__Veillonellaceae|g__Allisonella|s__Allisonella_histaminiformans,0.009685230024213076,0.004425875590160237,0.002151745310151242
k__Bacteria|p__Firmicutes|c__Clostridia|o__Clostridiales|f__Lachnospiraceae|g__Lachnoclostridium|s__Clostridium_aldenense,0.009685230024213076,0.002565092960727912,0.003430000921176974
k__Bacteria|p__Firmicutes|c__Bacilli|o__Lactobacillales|f__Streptococcaceae|g__Streptococcus|s__Streptococcus_australis,0.009685230024213076,0.001982382691915572,1.0629665336478965e-05
k__Bacteria|p__Firmicutes|c__Clostridia|o__Clostridiales|f__Ruminococcaceae|g__Ruminococcus|s__Ruminococcus_obeum_CAG_39,0.009685230024213076,0.007059112155361277,6.132124939746182e-05
k__Bacteria|p__Actinobacteria|c__Coriobacteriia|o__Coriobacteriales|f__Coriobacteriaceae|g__Collinsella|s__Collinsella_intestinalis,0.009685230024213076,0.004080324912874036,5.0204117376260894e-05
k__Bacteria|p__Bacteroidetes|c__Bacteroidia|o__Bacteroidales|f__Bacteroidaceae|g__Bacteroides|s__Bacteroides_ovatus,0.009685230024213076,0.0022626326480418043,1.9114226954593065e-06
k__Bacteria|p__Firmicutes|c__Erysipelotrichia|o__Erysipelotrichales|f__Erysipelotrichaceae|g__Catenibacterium|s__Catenibacterium_mitsuokai,0.009685230024213076,0.002306549974068569,2.8797815556170333e-07
k__Bacteria|p__Bacteroidetes|c__Bacteroidia|o__Bacteroidales|f__Prevotellaceae|g__Prevotella|s__Prevotella_stercorea,0.009685230024213076,0.011402906667813914,0.00011330873195637755
k__Bacteria|p__Firmicutes|c__Clostridia|o__Clostridiales|f__Lachnospiraceae|g__Eisenbergiella|s__Eisenbergiella_tayi,0.009685230024213076,0.0028986427344983735,2.5126847576537545e-07
k__Bacteria|p__Firmicutes|c__Erysipelotrichia|o__Erysipelotrichales|f__Erysipelotrichaceae|g__Erysipelatoclostridium|s__Erysipelatoclostridium_ramosum,0.009685230024213076,0.003254324011229282,2.4399570015751915e-07
k__Bacteria|p__Bacteroidetes|c__Bacteroidia|o__Bacteroidales|f__Prevotellaceae|g__Paraprevotella|s__Paraprevotella_xylaniphila,0.009685230024213076,0.004220721607638946,1.4239258300033804e-06
k__Bacteria|p__Firmicutes|c__Clostridia|o__Clostridiales|f__Peptostreptococcaceae|g__Intestinibacter|s__Intestinibacter_bartlettii,0.009685230024213076,0.0029319444119983683,2.517534946771515e-07
k__Bacteria|p__Firmicutes|c__Clostridia|o__Clostridiales|f__Eubacteriaceae|g__Eubacterium|s__Eubacterium_sp_CAG_38,0.009685230024213076,0.009770727801596293,7.826758095501992e-05
k__Bacteria|p__Proteobacteria|c__Gammaproteobacteria|o__Enterobacterales|f__Enterobacteriaceae|g__Enterobacter|s__Enterobacter_cloacae_complex,0.009685230024213076,0.0010562922976248897,0.005100816552531542
k__Bacteria|p__Firmicutes|c__Clostridia|o__Clostridiales|f__Lachnospiraceae|g__Blautia|s__Blautia_hansenii,0.009685230024213076,0.004919711516208936,4.974200254811625e-05
k__Bacteria|p__Actinobacteria|c__Actinobacteria|o__Bifidobacteriales|f__Bifidobacteriaceae|g__Bifidobacterium|s__Bifidobacterium_breve,0.009685230024213076,0.008363625810166978,0.0001068859414427322
k__Bacteria|p__Firmicutes|c__Clostridia|o__Clostridiales|f__Clostridiaceae|g__Clostridium|s__Clostridium_sp_CAG_253,0.009685230024213076,0.001513077094032733,1.5342854013801462e-06
k__Bacteria|p__Firmicutes|c__Tissierellia|o__Tissierellales|f__Peptoniphilaceae|g__Peptoniphilus|s__Peptoniphilus_lacrimalis,0.009685230024213076,0.006382267460828607,1.3119009141628095e-06
k__Bacteria|p__Bacteroidetes|c__Bacteroidia|o__Bacteroidales|f__Odoribacteraceae|g__Odoribacter|s__Odoribacter_laneus,0.009685230024213076,0.002631047375400701,2.3248745481716016e-05
k__Bacteria|p__Bacteroidetes|c__Bacteroidia|o__Bacteroidales|f__Porphyromonadaceae|g__Sanguibacteroides|s__Sanguibacteroides_justesenii,0.009685230024213076,0.004103425775412706,0.00022604913996575692
k__Bacteria|p__Firmicutes|c__Clostridia|o__Clostridiales|f__Lachnospiraceae|g__Roseburia|s__Roseburia_sp_CAG_303,0.009685230024213076,0.0007720527389089786,1.7525528739415722e-06
k__Bacteria|p__Firmicutes|c__Clostridia|o__Clostridiales|f__Lachnospiraceae|g__Roseburia|s__Roseburia_sp_CAG_471,0.009685230024213076,0.003267807218014968,3.900937156761752e-06
k__Bacteria|p__Firmicutes|c__Bacilli|o__Lactobacillales|f__Lactobacillaceae|g__Lactobacillus|s__Lactobacillus_acidophilus,0.009685230024213076,0.004860933564056358,0.0001222924833481008
k__Bacteria|p__Proteobacteria|c__Deltaproteobacteria|o__Desulfovibrionales|f__Desulfovibrionaceae|g__Desulfovibrio|s__Desulfovibrio_fairfieldensis,0.009685230024213076,0.0017426331690373199,2.0422943579308715e-06
k__Bacteria|p__Firmicutes|c__Firmicutes_unclassified|o__Firmicutes_unclassified|f__Firmicutes_unclassified|g__Firmicutes_unclassified|s__Firmicutes_bacterium_CAG_170,0.009685230024213076,0.0038840069015274002,0.0023787549371954847
k__Bacteria|p__Bacteroidetes|c__Bacteroidia|o__Bacteroidales|f__Prevotellaceae|g__Prevotella|s__Prevotella_bivia,0.009685230024213076,0.00932815506046263,3.7249359030369535e-06
k__Bacteria|p__Firmicutes|c__Negativicutes|o__Veillonellales|f__Veillonellaceae|g__Dialister|s__Dialister_succinatiphilus,0.009685230024213076,0.0018287751626416067,1.3948753308414424e-07
k__Bacteria|p__Proteobacteria|c__Betaproteobacteria|o__Burkholderiales|f__Sutterellaceae|g__Parasutterella|s__Parasutterella_excrementihominis,0.007263922518159807,0.005745374787232091,1.8900716091214069e-06
k__Bacteria|p__Firmicutes|c__Bacilli|o__Lactobacillales|f__Leuconostocaceae|g__Leuconostoc|s__Leuconostoc_mesenteroides,0.007263922518159807,0.0009496427890069736,0.0006435550557610947
k__Bacteria|p__Proteobacteria|c__Gammaproteobacteria|o__Pasteurellales|f__Pasteurellaceae|g__Haemophilus|s__Haemophilus_pittmaniae,0.007263922518159807,0.003683417702373747,0.002588607021700986
k__Bacteria|p__Bacteroidetes|c__Bacteroidia|o__Bacteroidales|f__Odoribacteraceae|g__Odoribacter|s__Odoribacter_splanchnicus,0.007263922518159807,0.001144227052437806,1.4272173806660373e-06
k__Bacteria|p__Bacteroidetes|c__Bacteroidia|o__Bacteroidales|f__Bacteroidaceae|g__Bacteroides|s__Bacteroides_sp_OM05_12,0.007263922518159807,0.0042561408928531415,8.408862186253464e-05
k__Bacteria|p__Firmicutes|c__Firmicutes_unclassified|o__Firmicutes_unclassified|f__Firmicutes_unclassified|g__Firmicutes_unclassified|s__Firmicutes_bacterium_CAG_238,0.007263922518159807,0.00013218226450409235,1.2412874601717586e-07
k__Bacteria|p__Firmicutes|c__Clostridia|o__Clostridiales|f__Eubacteriaceae|g__Eubacterium|s__Eubacterium_sp_CAG_180,0.007263922518159807,0.0011124508167854052,4.435513492850426e-07
k__Bacteria|p__Bacteroidetes|c__Bacteroidia|o__Bacteroidales|f__Rikenellaceae|g__Alistipes|s__Alistipes_onderdonkii,0.007263922518159807,0.002829629250989958,4.0436715142799265e-05
k__Bacteria|p__Bacteroidetes|c__Bacteroidia|o__Bacteroidales|f__Bacteroidaceae|g__Bacteroides|s__Bacteroides_eggerthii,0.007263922518159807,0.0016969829308729426,1.287548773011397e-07
k__Bacteria|p__Actinobacteria|c__Actinobacteria|o__Actinomycetales|f__Actinomycetaceae|g__Actinomyces|s__Actinomyces_turicensis,0.007263922518159807,0.0,0.0001050654999688731
k__Bacteria|p__Firmicutes|c__Bacilli|o__Lactobacillales|f__Lactobacillaceae|g__Lactobacillus|s__Lactobacillus_iners,0.007263922518159807,0.002773995860270439,0.00010849039164998993
k__Bacteria|p__Synergistetes|c__Synergistia|o__Synergistales|f__Synergistaceae|g__Pyramidobacter|s__Pyramidobacter_piscolens,0.007263922518159807,0.006440459887156322,0.00238747953449461
k__Bacteria|p__Firmicutes|c__Tissierellia|o__Tissierellales|f__Peptoniphilaceae|g__Anaerococcus|s__Anaerococcus_vaginalis,0.007263922518159807,0.0018670276450788623,1.9547960476105346e-06
k__Bacteria|p__Firmicutes|c__Bacilli|o__Lactobacillales|f__Enterococcaceae|g__Enterococcus|s__Enterococcus_faecalis,0.007263922518159807,0.0014963004009205566,1.2920977493868703e-07
k__Bacteria|p__Bacteroidetes|c__Bacteroidia|o__Bacteroidales|f__Rikenellaceae|g__Alistipes|s__Alistipes_timonensis,0.007263922518159807,0.0014189748781623308,4.591774816827882e-06
k__Bacteria|p__Firmicutes|c__Negativicutes|o__Veillonellales|f__Veillonellaceae|g__Megasphaera|s__Megasphaera_sp_MJR8396C,0.007263922518159807,0.0038363004384514704,5.188170310954544e-05
k__Bacteria|p__Firmicutes|c__Clostridia|o__Clostridiales|f__Clostridiaceae|g__Clostridium|s__Clostridium_sp_CAG_413,0.007263922518159807,0.006549466213324207,0.0022625928245756924
k__Bacteria|p__Proteobacteria|c__Gammaproteobacteria|o__Enterobacterales|f__Enterobacteriaceae|g__Escherichia|s__Escherichia_coli,0.007263922518159807,0.0001356876604130429,1.791450835520599e-07
k__Bacteria|p__Actinobacteria|c__Actinobacteria|o__Micrococcales|f__Micrococcaceae|g__Rothia|s__Rothia_dentocariosa,0.007263922518159807,0.018713945275481318,0.00419195756430883
k__Bacteria|p__Firmicutes|c__Bacilli|o__Lactobacillales|f__Streptococcaceae|g__Streptococcus|s__Streptococcus_gordonii,0.007263922518159807,0.0012767007552628407,1.4216585316281701e-06
k__Bacteria|p__Firmicutes|c__Clostridia|o__Clostridiales|f__Lachnospiraceae|g__Sellimonas|s__Sellimonas_intestinalis,0.007263922518159807,0.002247221322130096,2.59560632932828e-06
k__Bacteria|p__Firmicutes|c__Clostridia|o__Clostridiales|f__Eubacteriaceae|g__Anaerofustis|s__Anaerofustis_stercorihominis,0.007263922518159807,0.003415813256367565,7.042229648764928e-07
k__Bacteria|p__Firmicutes|c__Clostridia|o__Clostridiales|f__Lachnospiraceae|g__Blautia|s__Blautia_sp_N6H1_15,0.007263922518159807,0.009025944064868924,0.001438384092675679
k__Bacteria|p__Lentisphaerae|c__Lentisphaeria|o__Victivallales|f__Victivallaceae|g__Victivallis|s__Victivallis_vadensis,0.007263922518159807,0.001690452508895957,5.456064324697681e-07
k__Bacteria|p__Firmicutes|c__Clostridia|o__Clostridiales|f__Ruminococcaceae|g__Ruminococcus|s__Ruminococcus_sp_CAG_403,0.007263922518159807,0.0080485535032276,0.0022114014553620666
k__Bacteria|p__Firmicutes|c__Clostridia|o__Clostridiales|f__Ruminococcaceae|g__Ruminococcus|s__Ruminococcus_sp_CAG_624,0.007263922518159807,0.008617917574847235,0.0023189219577831413
k__Bacteria|p__Bacteroidetes|c__Bacteroidia|o__Bacteroidales|f__Bacteroidaceae|g__Bacteroides|s__Bacteroides_xylanisolvens,0.007263922518159807,0.0022149870233395506,7.380608231825927e-07
k__Bacteria|p__Firmicutes|c__Clostridia|o__Clostridiales|f__Clostridiales_unclassified|g__Clostridiales_unclassified|s__Clostridiales_bacterium_1_7_47FAA,0.007263922518159807,0.005126016958651365,7.859795251608662e-06
k__Bacteria|p__Firmicutes|c__Erysipelotrichia|o__Erysipelotrichales|f__Erysipelotrichaceae|g__Turicibacter|s__Turicibacter_sanguinis,0.007263922518159807,0.002167906897697154,6.059264756064278e-08
k__Bacteria|p__Firmicutes|c__Clostridia|o__Clostridiales|f__Lachnospiraceae|g__Dorea|s__Dorea_sp_CAG_317,0.007263922518159807,0.0014247126802059346,1.5601849783139511e-06
k__Bacteria|p__Bacteroidetes|c__Bacteroidia|o__Bacteroidales|f__Bacteroidaceae|g__Bacteroides|s__Bacteroides_coprocola,0.007263922518159807,0.00014089311880750323,1.4336755571006297e-06
k__Bacteria|p__Actinobacteria|c__Actinobacteria|o__Bifidobacteriales|f__Bifidobacteriaceae|g__Bifidobacterium|s__Bifidobacterium_catenulatum,0.007263922518159807,0.00038599309945777866,5.3044089799355915e-05
k__Bacteria|p__Bacteroidetes|c__Bacteroidia|o__Bacteroidales|f__Bacteroidaceae|g__Bacteroides|s__Bacteroides_plebeius,0.007263922518159807,0.0008892406554968198,1.43292416024672e-06
k__Bacteria|p__Bacteroidetes|c__Bacteroidia|o__Bacteroidales|f__Bacteroidaceae|g__Bacteroides|s__Bacteroides_sartorii,0.007263922518159807,0.0030657664118676686,2.536112437168483e-06
k__Bacteria|p__Bacteroidetes|c__Bacteroidia|o__Bacteroidales|f__Prevotellaceae|g__Paraprevotella|s__Paraprevotella_clara,0.007263922518159807,0.0029857368384797463,5.6045352021864684e-05
k__Bacteria|p__Firmicutes|c__Clostridia|o__Clostridiales|f__Clostridiales_unclassified|g__Lawsonibacter|s__Lawsonibacter_asaccharolyticus,0.007263922518159807,0.0004650319611156695,1.659691270896201e-08
k__Bacteria|p__Firmicutes|c__Negativicutes|o__Veillonellales|f__Veillonellaceae|g__Megasphaera|s__Megasphaera_micronuciformis,0.007263922518159807,0.0018523993713645585,3.47023020273725e-05
k__Bacteria|p__Firmicutes|c__Bacilli|o__Lactobacillales|f__Streptococcaceae|g__Streptococcus|s__Streptococcus_sp_HMSC071D03,0.007263922518159807,0.0013382430494632354,5.675214929559115e-05
k__Bacteria|p__Firmicutes|c__Negativicutes|o__Veillonellales|f__Veillonellaceae|g__Megasphaera|s__Megasphaera_elsdenii,0.007263922518159807,0.002745744547739172,6.154869458989549e-05
k__Bacteria|p__Firmicutes|c__Negativicutes|o__Selenomonadales|f__Selenomonadaceae|g__Mitsuokella|s__Mitsuokella_multacida,0.007263922518159807,0.003281348824975473,1.5471142614682863e-06
k__Bacteria|p__Firmicutes|c__Clostridia|o__Clostridiales|f__Clostridiaceae|g__Clostridium|s__Clostridium_sp_CAG_590,0.007263922518159807,0.003350230015835869,8.866544496496657e-05
k__Bacteria|p__Firmicutes|c__Negativicutes|o__Veillonellales|f__Veillonellaceae|g__Veillonella|s__Veillonella_sp_T11011_6,0.007263922518159807,0.0015111073513866223,0.0021282063028210205
k__Bacteria|p__Firmicutes|c__Clostridia|o__Clostridiales|f__Eubacteriaceae|g__Eubacterium|s__Eubacterium_dolichum_CAG_375,0.007263922518159807,0.001736131747103623,1.2587553739708685e-07
k__Bacteria|p__Bacteroidetes|c__Bacteroidia|o__Bacteroidales|f__Barnesiellaceae|g__Coprobacter|s__Coprobacter_secundus,0.007263922518159807,0.0014204362198602433,1.9814362880354006e-06
k__Bacteria|p__Firmicutes|c__Negativicutes|o__Selenomonadales|f__Selenomonadaceae|g__Megamonas|s__Megamonas_funiformis,0.007263922518159807,0.0029427441078453596,9.510958426499641e-07
k__Bacteria|p__Bacteroidetes|c__Bacteroidia|o__Bacteroidales|f__Bacteroidaceae|g__Bacteroides|s__Bacteroides_sp_CAG_927,0.004842615012106538,0.00044816717977129813,2.9139405818353734e-06
k__Bacteria|p__Synergistetes|c__Synergistia|o__Synergistales|f__Synergistaceae|g__Cloacibacillus|s__Cloacibacillus_porcorum,0.004842615012106538,3.969196416327524e-05,0.0028569787061275
k__Bacteria|p__Proteobacteria|c__Proteobacteria_unclassified|o__Proteobacteria_unclassified|f__Proteobacteria_unclassified|g__Proteobacteria_unclassified|s__Proteobacteria_bacterium_CAG_139,0.004842615012106538,0.0008957494135735949,2.760106702898128e-09
k__Bacteria|p__Proteobacteria|c__Betaproteobacteria|o__Burkholderiales|f__Sutterellaceae|g__Turicimonas|s__Turicimonas_muris,0.004842615012106538,0.0010815736264113878,4.5679503896189273e-08
k__Bacteria|p__Firmicutes|c__Clostridia|o__Clostridiales|f__Ruminococcaceae|g__Ruminococcus|s__Ruminococcus_sp_CAG_563,0.004842615012106538,0.0004354856490571455,1.376675359195776e-06
k__Bacteria|p__Tenericutes|c__Mollicutes|o__Mycoplasmatales|f__Mycoplasmataceae|g__Mycoplasma|s__Mycoplasma_hominis,0.004842615012106538,0.004574882919304807,0.00011609351327786623
k__Bacteria|p__Bacteroidetes|c__Bacteroidia|o__Bacteroidales|f__Bacteroidaceae|g__Bacteroides|s__Bacteroides_massiliensis,0.004842615012106538,0.004842615012106538,9.601450338989797e-08
k__Bacteria|p__Bacteroidetes|c__Bacteroidia|o__Bacteroidales|f__Bacteroidaceae|g__Bacteroides|s__Bacteroides_coprophilus,0.004842615012106538,0.0031980691117928822,2.759299837299782e-06
k__Bacteria|p__Firmicutes|c__Clostridia|o__Clostridiales|f__Clostridiaceae|g__Clostridium|s__Clostridium_perfringens,0.004842615012106538,0.002093893964579209,5.447885843284617e-05
k__Bacteria|p__Firmicutes|c__Bacilli|o__Lactobacillales|f__Lactobacillaceae|g__Lactobacillus|s__Lactobacillus_crispatus,0.004842615012106538,0.0009961938344501626,0.0020527428350444726
k__Bacteria|p__Bacteroidetes|c__Bacteroidia|o__Bacteroidales|f__Bacteroidaceae|g__Bacteroides|s__Bacteroides_salyersiae,0.004842615012106538,0.0004205164836395366,4.2805040373775e-08
k__Bacteria|p__Bacteroidetes|c__Bacteroidia|o__Bacteroidales|f__Prevotellaceae|g__Prevotella|s__Prevotella_colorans,0.004842615012106538,0.00032160416333892357,6.352989188538034e-07
k__Bacteria|p__Firmicutes|c__Bacilli|o__Bacillales|f__Bacillales_unclassified|g__Gemella|s__Gemella_haemolysans,0.004842615012106538,0.0027976317860196587,0.0020180807570733426
k__Bacteria|p__Firmicutes|c__Negativicutes|o__Veillonellales|f__Veillonellaceae|g__Veillonella|s__Veillonella_parvula,0.004842615012106538,0.0022890118970605774,6.237056137213236e-05
k__Bacteria|p__Bacteroidetes|c__Bacteroidia|o__Bacteroidales|f__Tannerellaceae|g__Parabacteroides|s__Parabacteroides_distasonis,0.004842615012106538,0.001096018780854417,7.057017080777797e-07
k__Bacteria|p__Proteobacteria|c__Gammaproteobacteria|o__Enterobacterales|f__Enterobacteriaceae|g__Citrobacter|s__Citrobacter_portucalensis,0.004842615012106538,0.0005746550867421932,0.00010324753100697169
k__Bacteria|p__Firmicutes|c__Erysipelotrichia|o__Erysipelotrichales|f__Erysipelotrichaceae|g__Faecalitalea|s__Faecalitalea_cylindroides,0.004842615012106538,0.0014455007040117566,0.00211123717415986
k__Bacteria|p__Bacteroidetes|c__Bacteroidia|o__Bacteroidales|f__Bacteroidaceae|g__Bacteroides|s__Bacteroides_vulgatus,0.004842615012106538,0.004842615012106538,1.3966227120362612e-06
k__Bacteria|p__Bacteroidetes|c__Bacteroidia|o__Bacteroidales|f__Bacteroidaceae|g__Bacteroides|s__Bacteroides_caccae,0.004842615012106538,0.0015463115966572797,3.6104576159382373e-06
k__Bacteria|p__Firmicutes|c__Bacilli|o__Lactobacillales|f__Streptococcaceae|g__Streptococcus|s__Streptococcus_sp_A12,0.004842615012106538,0.0017328140754594402,2.813812091568321e-06
k__Bacteria|p__Firmicutes|c__Clostridia|o__Clostridiales|f__Clostridiaceae|g__Clostridium|s__Clostridium_sp_CAG_411,0.004842615012106538,0.004842615012106538,0.002254079716341163
k__Bacteria|p__Firmicutes|c__Negativicutes|o__Acidaminococcales|f__Acidaminococcaceae|g__Phascolarctobacterium|s__Phascolarctobacterium_faecium,0.004842615012106538,0.00010383346851058832,2.9934204851902924e-08
k__Bacteria|p__Fusobacteria|c__Fusobacteriia|o__Fusobacteriales|f__Fusobacteriaceae|g__Fusobacterium|s__Fusobacterium_mortiferum,0.004842615012106538,0.0005444633441637616,1.509829689416301e-06
k__Bacteria|p__Firmicutes|c__Clostridia|o__Clostridiales|f__Oscillospiraceae|g__Oscillibacter|s__Oscillibacter_sp_CAG_241,0.004842615012106538,0.00033393002495096113,1.1124547928874999e-07
k__Bacteria|p__Firmicutes|c__Clostridia|o__Clostridiales|f__Clostridiaceae|g__Clostridium|s__Clostridium_sp_CAG_58,0.004842615012106538,0.004675988868491493,6.311299160084363e-08
k__Bacteria|p__Firmicutes|c__Bacilli|o__Bacillales|f__Bacillaceae|g__Bacillus|s__Bacillus_aerius,0.004842615012106538,0.0004482909305725799,0.00010010708978347907
k__Bacteria|p__Bacteroidetes|c__Bacteroidia|o__Bacteroidales|f__Rikenellaceae|g__Alistipes|s__Alistipes_finegoldii,0.004842615012106538,0.0007575433997895145,3.317267940488203e-06
k__Bacteria|p__Firmicutes|c__Clostridia|o__Clostridiales|f__Eubacteriaceae|g__Eubacterium|s__Eubacterium_coprostanoligenes,0.002421307506053269,0.0,5.424008840065435e-05
k__Bacteria|p__Bacteroidetes|c__Bacteroidia|o__Bacteroidales|f__Bacteroidaceae|g__Bacteroides|s__Bacteroides_faecis,0.002421307506053269,0.0,8.363292009491352e-08
k__Bacteria|p__Bacteroidetes|c__Bacteroidia|o__Bacteroidales|f__Bacteroidaceae|g__Bacteroides|s__Bacteroides_dorei,0.002421307506053269,0.0,3.375882923983317e-08
k__Bacteria|p__Bacteroidetes|c__Bacteroidia|o__Bacteroidales|f__Bacteroidaceae|g__Bacteroides|s__Bacteroides_finegoldii,0.002421307506053269,0.0,2.396617819195852e-09
k__Bacteria|p__Firmicutes|c__Negativicutes|o__Veillonellales|f__Veillonellaceae|g__Veillonella|s__Veillonella_sp_CAG_933,0.002421307506053269,0.0,0.0018768301662242565
